AP1,AP2,X,Y
-36.0,-44.0,-0.8,1.9
-36.0,-44.0,-0.8,1.9
-36.0,-44.0,-0.8,1.9
-36.0,-44.0,-0.8,1.9
-36.0,-44.0,-0.8,1.9
-36.0,-44.0,-0.8,1.9
-36.0,-44.0,-0.8,1.9
-36.0,-44.0,-0.8,1.9
-36.0,-44.0,-0.8,1.9
-36.0,-44.0,-0.8,1.9
-36.0,-44.0,-0.8,1.9
-36.0,-44.0,-0.8,1.9
-36.0,-44.0,-0.8,1.9
-36.0,-44.0,-0.8,1.9
-36.0,-44.0,-0.8,1.9
-36.0,-44.0,-0.8,1.9
-36.0,-44.0,-0.8,1.9
-36.0,-44.0,-0.8,1.9
-36.0,-44.0,-0.8,1.9
-36.0,-44.0,-0.8,1.9
-36.0,-44.0,-0.8,1.9
-36.0,-44.0,-0.8,1.9
-36.0,-44.0,-0.8,1.9
-36.0,-44.0,-0.8,1.9
-36.0,-44.0,-0.8,1.9
-36.0,-44.0,-0.8,1.9
-36.0,-44.0,-0.8,1.9
-36.0,-44.0,-0.8,1.9
-36.0,-44.0,-0.8,1.9
-36.0,-44.0,-0.8,1.9
-36.0,-44.0,-0.8,1.9
-36.0,-44.0,-0.8,1.9
-36.0,-44.0,-0.8,1.9
-36.0,-44.0,-0.8,1.9
-36.0,-44.0,-0.8,1.9
-36.0,-44.0,-0.8,1.9
-36.0,-44.0,-0.8,1.9
-36.0,-44.0,-0.8,1.9
-36.0,-44.0,-0.8,1.9
-36.0,-44.0,-0.8,1.9
-36.0,-44.0,-0.8,1.9
-38.0,-48.0,-0.8,2.8
-38.0,-48.0,-0.8,2.8
-38.0,-48.0,-0.8,2.8
-38.0,-48.0,-0.8,2.8
-38.0,-48.0,-0.8,2.8
-38.0,-48.0,-0.8,2.8
-38.0,-48.0,-0.8,2.8
-38.0,-48.0,-0.8,2.8
-38.0,-48.0,-0.8,2.8
-38.0,-48.0,-0.8,2.8
-38.0,-48.0,-0.8,2.8
-38.0,-48.0,-0.8,2.8
-38.0,-48.0,-0.8,2.8
-38.0,-48.0,-0.8,2.8
-38.0,-48.0,-0.8,2.8
-38.0,-48.0,-0.8,2.8
-38.0,-48.0,-0.8,2.8
-38.0,-48.0,-0.8,2.8
-38.0,-48.0,-0.8,2.8
-38.0,-48.0,-0.8,2.8
-38.0,-48.0,-0.8,2.8
-38.0,-48.0,-0.8,2.8
-38.0,-48.0,-0.8,2.8
-38.0,-48.0,-0.8,2.8
-38.0,-48.0,-0.8,2.8
-38.0,-48.0,-0.8,2.8
-38.0,-48.0,-0.8,2.8
-38.0,-48.0,-0.8,2.8
-38.0,-48.0,-0.8,2.8
-38.0,-48.0,-0.8,2.8
-38.0,-48.0,-0.8,2.8
-38.0,-48.0,-0.8,2.8
-38.0,-48.0,-0.8,2.8
-38.0,-48.0,-0.8,2.8
-38.0,-48.0,-0.8,2.8
-38.0,-48.0,-0.8,2.8
-38.0,-48.0,-0.8,2.8
-38.0,-48.0,-0.8,2.8
-38.0,-48.0,-0.8,2.8
-38.0,-48.0,-0.8,2.8
-38.0,-48.0,-0.8,2.8
-38.0,-48.0,-0.8,3.7
-38.0,-48.0,-0.8,3.7
-38.0,-48.0,-0.8,3.7
-38.0,-48.0,-0.8,3.7
-38.0,-48.0,-0.8,3.7
-38.0,-48.0,-0.8,3.7
-38.0,-48.0,-0.8,3.7
-38.0,-48.0,-0.8,3.7
-38.0,-48.0,-0.8,3.7
-38.0,-48.0,-0.8,3.7
-38.0,-48.0,-0.8,3.7
-38.0,-48.0,-0.8,3.7
-38.0,-48.0,-0.8,3.7
-38.0,-48.0,-0.8,3.7
-38.0,-48.0,-0.8,3.7
-38.0,-48.0,-0.8,3.7
-38.0,-48.0,-0.8,3.7
-38.0,-48.0,-0.8,3.7
-38.0,-48.0,-0.8,3.7
-38.0,-48.0,-0.8,3.7
-38.0,-48.0,-0.8,3.7
-38.0,-48.0,-0.8,3.7
-35.0,-29.0,-0.8,3.7
-34.0,-29.0,-0.8,3.7
-34.0,-41.0,-0.8,3.7
-37.0,-28.0,-0.8,3.7
-37.0,-28.0,-0.8,3.7
-37.0,-28.0,-0.8,3.7
-37.0,-28.0,-0.8,3.7
-37.0,-28.0,-0.8,3.7
-37.0,-28.0,-0.8,3.7
-37.0,-28.0,-0.8,3.7
-37.0,-28.0,-0.8,3.7
-37.0,-28.0,-0.8,3.7
-37.0,-28.0,-0.8,3.7
-37.0,-28.0,-0.8,3.7
-37.0,-28.0,-0.8,3.7
-37.0,-28.0,-0.8,3.7
-37.0,-28.0,-0.8,3.7
-37.0,-28.0,-0.8,3.7
-37.0,-28.0,-0.8,3.7
-37.0,-28.0,-0.8,4.6
-37.0,-28.0,-0.8,4.6
-37.0,-28.0,-0.8,4.6
-37.0,-28.0,-0.8,4.6
-37.0,-28.0,-0.8,4.6
-37.0,-28.0,-0.8,4.6
-37.0,-28.0,-0.8,4.6
-37.0,-28.0,-0.8,4.6
-37.0,-28.0,-0.8,4.6
-37.0,-28.0,-0.8,4.6
-37.0,-28.0,-0.8,4.6
-37.0,-28.0,-0.8,4.6
-37.0,-28.0,-0.8,4.6
-37.0,-28.0,-0.8,4.6
-37.0,-28.0,-0.8,4.6
-37.0,-28.0,-0.8,4.6
-37.0,-28.0,-0.8,4.6
-37.0,-28.0,-0.8,4.6
-37.0,-28.0,-0.8,4.6
-37.0,-28.0,-0.8,4.6
-37.0,-28.0,-0.8,4.6
-37.0,-28.0,-0.8,4.6
-37.0,-28.0,-0.8,4.6
-37.0,-28.0,-0.8,4.6
-37.0,-28.0,-0.8,4.6
-37.0,-28.0,-0.8,4.6
-37.0,-28.0,-0.8,4.6
-37.0,-28.0,-0.8,4.6
-37.0,-28.0,-0.8,4.6
-37.0,-28.0,-0.8,4.6
-37.0,-28.0,-0.8,4.6
-37.0,-28.0,-0.8,4.6
-37.0,-28.0,-0.8,4.6
-37.0,-28.0,-0.8,4.6
-37.0,-28.0,-0.8,4.6
-37.0,-28.0,-0.8,4.6
-37.0,-28.0,-0.8,4.6
-37.0,-28.0,-0.8,4.6
-37.0,-28.0,-0.8,4.6
-37.0,-28.0,-0.8,4.6
-37.0,-28.0,-0.8,4.6
-40.0,-41.0,-0.8,6.4
-40.0,-41.0,-0.8,6.4
-40.0,-41.0,-0.8,6.4
-40.0,-41.0,-0.8,6.4
-40.0,-41.0,-0.8,6.4
-40.0,-41.0,-0.8,6.4
-40.0,-41.0,-0.8,6.4
-40.0,-41.0,-0.8,6.4
-40.0,-41.0,-0.8,6.4
-40.0,-41.0,-0.8,6.4
-40.0,-41.0,-0.8,6.4
-40.0,-41.0,-0.8,6.4
-40.0,-41.0,-0.8,6.4
-40.0,-41.0,-0.8,6.4
-40.0,-41.0,-0.8,6.4
-40.0,-41.0,-0.8,6.4
-40.0,-41.0,-0.8,6.4
-40.0,-41.0,-0.8,6.4
-40.0,-41.0,-0.8,6.4
-40.0,-41.0,-0.8,6.4
-40.0,-41.0,-0.8,6.4
-40.0,-41.0,-0.8,6.4
-40.0,-41.0,-0.8,6.4
-40.0,-41.0,-0.8,6.4
-40.0,-41.0,-0.8,6.4
-40.0,-41.0,-0.8,6.4
-40.0,-41.0,-0.8,6.4
-40.0,-41.0,-0.8,6.4
-40.0,-41.0,-0.8,6.4
-40.0,-41.0,-0.8,6.4
-40.0,-41.0,-0.8,6.4
-40.0,-41.0,-0.8,6.4
-40.0,-41.0,-0.8,6.4
-40.0,-41.0,-0.8,6.4
-40.0,-41.0,-0.8,6.4
-40.0,-41.0,-0.8,6.4
-40.0,-41.0,-0.8,6.4
-40.0,-41.0,-0.8,6.4
-40.0,-41.0,-0.8,6.4
-40.0,-41.0,-0.8,6.4
-40.0,-41.0,-0.8,6.4
-41.0,-27.0,-0.8,7.3
-41.0,-27.0,-0.8,7.3
-41.0,-27.0,-0.8,7.3
-41.0,-27.0,-0.8,7.3
-41.0,-27.0,-0.8,7.3
-41.0,-27.0,-0.8,7.3
-41.0,-27.0,-0.8,7.3
-41.0,-27.0,-0.8,7.3
-41.0,-27.0,-0.8,7.3
-41.0,-27.0,-0.8,7.3
-41.0,-27.0,-0.8,7.3
-41.0,-27.0,-0.8,7.3
-41.0,-27.0,-0.8,7.3
-41.0,-27.0,-0.8,7.3
-41.0,-27.0,-0.8,7.3
-41.0,-27.0,-0.8,7.3
-41.0,-27.0,-0.8,7.3
-41.0,-27.0,-0.8,7.3
-41.0,-27.0,-0.8,7.3
-41.0,-27.0,-0.8,7.3
-41.0,-27.0,-0.8,7.3
-41.0,-27.0,-0.8,7.3
-41.0,-27.0,-0.8,7.3
-41.0,-27.0,-0.8,7.3
-41.0,-27.0,-0.8,7.3
-41.0,-27.0,-0.8,7.3
-41.0,-27.0,-0.8,7.3
-41.0,-27.0,-0.8,7.3
-41.0,-27.0,-0.8,7.3
-41.0,-27.0,-0.8,7.3
-41.0,-27.0,-0.8,7.3
-41.0,-27.0,-0.8,7.3
-41.0,-27.0,-0.8,7.3
-41.0,-27.0,-0.8,7.3
-41.0,-27.0,-0.8,7.3
-41.0,-27.0,-0.8,7.3
-41.0,-27.0,-0.8,7.3
-41.0,-27.0,-0.8,7.3
-41.0,-27.0,-0.8,7.3
-41.0,-27.0,-0.8,7.3
-41.0,-27.0,-0.8,7.3
-41.0,-27.0,-0.8,8.2
-41.0,-27.0,-0.8,8.2
-41.0,-27.0,-0.8,8.2
-41.0,-27.0,-0.8,8.2
-41.0,-27.0,-0.8,8.2
-41.0,-27.0,-0.8,8.2
-41.0,-27.0,-0.8,8.2
-41.0,-27.0,-0.8,8.2
-41.0,-27.0,-0.8,8.2
-41.0,-27.0,-0.8,8.2
-41.0,-27.0,-0.8,8.2
-41.0,-27.0,-0.8,8.2
-41.0,-27.0,-0.8,8.2
-41.0,-27.0,-0.8,8.2
-41.0,-27.0,-0.8,8.2
-41.0,-27.0,-0.8,8.2
-41.0,-27.0,-0.8,8.2
-41.0,-27.0,-0.8,8.2
-41.0,-27.0,-0.8,8.2
-41.0,-27.0,-0.8,8.2
-41.0,-27.0,-0.8,8.2
-41.0,-27.0,-0.8,8.2
-41.0,-27.0,-0.8,8.2
-41.0,-27.0,-0.8,8.2
-41.0,-27.0,-0.8,8.2
-41.0,-27.0,-0.8,8.2
-41.0,-27.0,-0.8,8.2
-41.0,-27.0,-0.8,8.2
-41.0,-27.0,-0.8,8.2
-41.0,-27.0,-0.8,8.2
-41.0,-27.0,-0.8,8.2
-41.0,-27.0,-0.8,8.2
-41.0,-27.0,-0.8,8.2
-41.0,-27.0,-0.8,8.2
-46.0,-23.0,-0.8,8.2
-46.0,-37.0,-0.8,8.2
-42.0,-22.0,-0.8,8.2
-50.0,-22.0,-0.8,8.2
-50.0,-22.0,-0.8,8.2
-50.0,-22.0,-0.8,8.2
-50.0,-22.0,-0.8,8.2
-50.0,-22.0,-0.8,9.1
-50.0,-22.0,-0.8,9.1
-50.0,-22.0,-0.8,9.1
-50.0,-22.0,-0.8,9.1
-50.0,-22.0,-0.8,9.1
-50.0,-22.0,-0.8,9.1
-50.0,-22.0,-0.8,9.1
-50.0,-22.0,-0.8,9.1
-50.0,-22.0,-0.8,9.1
-50.0,-22.0,-0.8,9.1
-50.0,-22.0,-0.8,9.1
-50.0,-22.0,-0.8,9.1
-50.0,-22.0,-0.8,9.1
-50.0,-22.0,-0.8,9.1
-50.0,-22.0,-0.8,9.1
-50.0,-22.0,-0.8,9.1
-50.0,-22.0,-0.8,9.1
-50.0,-22.0,-0.8,9.1
-50.0,-22.0,-0.8,9.1
-50.0,-22.0,-0.8,9.1
-50.0,-22.0,-0.8,9.1
-50.0,-22.0,-0.8,9.1
-50.0,-22.0,-0.8,9.1
-50.0,-22.0,-0.8,9.1
-50.0,-22.0,-0.8,9.1
-50.0,-22.0,-0.8,9.1
-50.0,-22.0,-0.8,9.1
-50.0,-22.0,-0.8,9.1
-50.0,-22.0,-0.8,9.1
-50.0,-22.0,-0.8,9.1
-50.0,-22.0,-0.8,9.1
-50.0,-22.0,-0.8,9.1
-50.0,-22.0,-0.8,9.1
-50.0,-22.0,-0.8,9.1
-50.0,-22.0,-0.8,9.1
-50.0,-22.0,-0.8,9.1
-50.0,-22.0,-0.8,9.1
-50.0,-22.0,-0.8,9.1
-50.0,-22.0,-0.8,9.1
-50.0,-22.0,-0.8,9.1
-50.0,-22.0,-0.8,9.1
-41.0,-43.0,0.5,1.9
-41.0,-43.0,0.5,1.9
-41.0,-43.0,0.5,1.9
-41.0,-43.0,0.5,1.9
-41.0,-43.0,0.5,1.9
-41.0,-43.0,0.5,1.9
-41.0,-43.0,0.5,1.9
-41.0,-43.0,0.5,1.9
-41.0,-43.0,0.5,1.9
-41.0,-43.0,0.5,1.9
-41.0,-43.0,0.5,1.9
-41.0,-43.0,0.5,1.9
-41.0,-43.0,0.5,1.9
-41.0,-43.0,0.5,1.9
-41.0,-43.0,0.5,1.9
-41.0,-43.0,0.5,1.9
-41.0,-43.0,0.5,1.9
-41.0,-43.0,0.5,1.9
-41.0,-43.0,0.5,1.9
-41.0,-43.0,0.5,1.9
-41.0,-43.0,0.5,1.9
-41.0,-43.0,0.5,1.9
-41.0,-43.0,0.5,1.9
-41.0,-43.0,0.5,1.9
-41.0,-43.0,0.5,1.9
-41.0,-43.0,0.5,1.9
-41.0,-43.0,0.5,1.9
-41.0,-43.0,0.5,1.9
-41.0,-43.0,0.5,1.9
-41.0,-43.0,0.5,1.9
-41.0,-43.0,0.5,1.9
-41.0,-43.0,0.5,1.9
-41.0,-43.0,0.5,1.9
-41.0,-43.0,0.5,1.9
-41.0,-43.0,0.5,1.9
-41.0,-43.0,0.5,1.9
-41.0,-43.0,0.5,1.9
-41.0,-43.0,0.5,1.9
-41.0,-43.0,0.5,1.9
-41.0,-43.0,0.5,1.9
-41.0,-43.0,0.5,1.9
-41.0,-43.0,0.5,2.8
-41.0,-43.0,0.5,2.8
-41.0,-43.0,0.5,2.8
-41.0,-43.0,0.5,2.8
-41.0,-43.0,0.5,2.8
-41.0,-43.0,0.5,2.8
-41.0,-43.0,0.5,2.8
-41.0,-43.0,0.5,2.8
-41.0,-43.0,0.5,2.8
-41.0,-43.0,0.5,2.8
-41.0,-43.0,0.5,2.8
-41.0,-43.0,0.5,2.8
-41.0,-43.0,0.5,2.8
-41.0,-43.0,0.5,2.8
-41.0,-43.0,0.5,2.8
-41.0,-43.0,0.5,2.8
-36.0,-38.0,0.5,2.8
-37.0,-40.0,0.5,2.8
-40.0,-38.0,0.5,2.8
-40.0,-42.0,0.5,2.8
-40.0,-42.0,0.5,2.8
-40.0,-42.0,0.5,2.8
-40.0,-42.0,0.5,2.8
-40.0,-42.0,0.5,2.8
-40.0,-42.0,0.5,2.8
-40.0,-42.0,0.5,2.8
-40.0,-42.0,0.5,2.8
-40.0,-42.0,0.5,2.8
-40.0,-42.0,0.5,2.8
-40.0,-42.0,0.5,2.8
-40.0,-42.0,0.5,2.8
-40.0,-42.0,0.5,2.8
-40.0,-42.0,0.5,2.8
-40.0,-42.0,0.5,2.8
-40.0,-42.0,0.5,2.8
-40.0,-42.0,0.5,2.8
-40.0,-42.0,0.5,2.8
-40.0,-42.0,0.5,2.8
-40.0,-42.0,0.5,2.8
-40.0,-42.0,0.5,2.8
-40.0,-49.0,0.5,3.7
-40.0,-49.0,0.5,3.7
-40.0,-49.0,0.5,3.7
-40.0,-49.0,0.5,3.7
-40.0,-49.0,0.5,3.7
-40.0,-49.0,0.5,3.7
-40.0,-49.0,0.5,3.7
-40.0,-49.0,0.5,3.7
-40.0,-49.0,0.5,3.7
-40.0,-49.0,0.5,3.7
-40.0,-49.0,0.5,3.7
-40.0,-49.0,0.5,3.7
-40.0,-49.0,0.5,3.7
-40.0,-49.0,0.5,3.7
-40.0,-49.0,0.5,3.7
-40.0,-46.0,0.5,3.7
-40.0,-47.0,0.5,3.7
-40.0,-47.0,0.5,3.7
-45.0,-46.0,0.5,3.7
-45.0,-46.0,0.5,3.7
-45.0,-46.0,0.5,3.7
-45.0,-46.0,0.5,3.7
-45.0,-46.0,0.5,3.7
-45.0,-46.0,0.5,3.7
-45.0,-46.0,0.5,3.7
-45.0,-46.0,0.5,3.7
-45.0,-46.0,0.5,3.7
-45.0,-46.0,0.5,3.7
-45.0,-46.0,0.5,3.7
-45.0,-46.0,0.5,3.7
-45.0,-46.0,0.5,3.7
-45.0,-46.0,0.5,3.7
-45.0,-46.0,0.5,3.7
-45.0,-46.0,0.5,3.7
-45.0,-46.0,0.5,3.7
-45.0,-46.0,0.5,3.7
-45.0,-46.0,0.5,3.7
-45.0,-46.0,0.5,3.7
-45.0,-46.0,0.5,3.7
-45.0,-46.0,0.5,3.7
-45.0,-46.0,0.5,3.7
-43.0,-39.0,0.5,4.6
-43.0,-39.0,0.5,4.6
-43.0,-39.0,0.5,4.6
-43.0,-39.0,0.5,4.6
-43.0,-39.0,0.5,4.6
-43.0,-39.0,0.5,4.6
-43.0,-39.0,0.5,4.6
-43.0,-39.0,0.5,4.6
-43.0,-39.0,0.5,4.6
-43.0,-39.0,0.5,4.6
-43.0,-39.0,0.5,4.6
-43.0,-39.0,0.5,4.6
-43.0,-39.0,0.5,4.6
-43.0,-39.0,0.5,4.6
-43.0,-39.0,0.5,4.6
-43.0,-39.0,0.5,4.6
-43.0,-39.0,0.5,4.6
-43.0,-39.0,0.5,4.6
-43.0,-39.0,0.5,4.6
-43.0,-39.0,0.5,4.6
-43.0,-39.0,0.5,4.6
-43.0,-39.0,0.5,4.6
-43.0,-39.0,0.5,4.6
-43.0,-39.0,0.5,4.6
-43.0,-39.0,0.5,4.6
-43.0,-39.0,0.5,4.6
-43.0,-39.0,0.5,4.6
-43.0,-39.0,0.5,4.6
-43.0,-39.0,0.5,4.6
-43.0,-39.0,0.5,4.6
-43.0,-39.0,0.5,4.6
-43.0,-39.0,0.5,4.6
-43.0,-39.0,0.5,4.6
-43.0,-39.0,0.5,4.6
-43.0,-39.0,0.5,4.6
-43.0,-39.0,0.5,4.6
-43.0,-39.0,0.5,4.6
-43.0,-39.0,0.5,4.6
-43.0,-39.0,0.5,4.6
-43.0,-39.0,0.5,4.6
-43.0,-39.0,0.5,4.6
-43.0,-39.0,0.5,6.4
-43.0,-39.0,0.5,6.4
-43.0,-39.0,0.5,6.4
-43.0,-39.0,0.5,6.4
-43.0,-39.0,0.5,6.4
-43.0,-39.0,0.5,6.4
-43.0,-39.0,0.5,6.4
-43.0,-39.0,0.5,6.4
-43.0,-39.0,0.5,6.4
-43.0,-39.0,0.5,6.4
-43.0,-39.0,0.5,6.4
-43.0,-39.0,0.5,6.4
-43.0,-39.0,0.5,6.4
-43.0,-39.0,0.5,6.4
-43.0,-39.0,0.5,6.4
-43.0,-39.0,0.5,6.4
-43.0,-39.0,0.5,6.4
-43.0,-39.0,0.5,6.4
-43.0,-39.0,0.5,6.4
-43.0,-39.0,0.5,6.4
-43.0,-39.0,0.5,6.4
-43.0,-39.0,0.5,6.4
-43.0,-39.0,0.5,6.4
-43.0,-39.0,0.5,6.4
-43.0,-39.0,0.5,6.4
-43.0,-39.0,0.5,6.4
-43.0,-39.0,0.5,6.4
-43.0,-39.0,0.5,6.4
-43.0,-39.0,0.5,6.4
-43.0,-39.0,0.5,6.4
-43.0,-39.0,0.5,6.4
-43.0,-39.0,0.5,6.4
-43.0,-39.0,0.5,6.4
-43.0,-39.0,0.5,6.4
-43.0,-39.0,0.5,6.4
-43.0,-39.0,0.5,6.4
-43.0,-39.0,0.5,6.4
-43.0,-39.0,0.5,6.4
-43.0,-39.0,0.5,6.4
-43.0,-39.0,0.5,6.4
-43.0,-39.0,0.5,6.4
-43.0,-37.0,0.5,7.3
-43.0,-37.0,0.5,7.3
-43.0,-37.0,0.5,7.3
-43.0,-37.0,0.5,7.3
-43.0,-37.0,0.5,7.3
-43.0,-37.0,0.5,7.3
-43.0,-37.0,0.5,7.3
-43.0,-37.0,0.5,7.3
-43.0,-37.0,0.5,7.3
-43.0,-37.0,0.5,7.3
-43.0,-37.0,0.5,7.3
-43.0,-37.0,0.5,7.3
-43.0,-37.0,0.5,7.3
-43.0,-37.0,0.5,7.3
-43.0,-37.0,0.5,7.3
-43.0,-37.0,0.5,7.3
-43.0,-37.0,0.5,7.3
-43.0,-37.0,0.5,7.3
-43.0,-37.0,0.5,7.3
-43.0,-37.0,0.5,7.3
-43.0,-37.0,0.5,7.3
-43.0,-37.0,0.5,7.3
-43.0,-37.0,0.5,7.3
-43.0,-37.0,0.5,7.3
-43.0,-37.0,0.5,7.3
-43.0,-37.0,0.5,7.3
-43.0,-37.0,0.5,7.3
-43.0,-37.0,0.5,7.3
-43.0,-37.0,0.5,7.3
-43.0,-37.0,0.5,7.3
-43.0,-37.0,0.5,7.3
-43.0,-37.0,0.5,7.3
-43.0,-37.0,0.5,7.3
-43.0,-37.0,0.5,7.3
-43.0,-37.0,0.5,7.3
-43.0,-37.0,0.5,7.3
-43.0,-37.0,0.5,7.3
-43.0,-37.0,0.5,7.3
-43.0,-37.0,0.5,7.3
-43.0,-37.0,0.5,7.3
-43.0,-37.0,0.5,7.3
-43.0,-37.0,0.5,8.2
-43.0,-37.0,0.5,8.2
-43.0,-37.0,0.5,8.2
-50.0,-27.0,0.5,8.2
-44.0,-26.0,0.5,8.2
-45.0,-27.0,0.5,8.2
-44.0,-27.0,0.5,8.2
-44.0,-27.0,0.5,8.2
-44.0,-27.0,0.5,8.2
-44.0,-27.0,0.5,8.2
-44.0,-27.0,0.5,8.2
-44.0,-27.0,0.5,8.2
-44.0,-27.0,0.5,8.2
-44.0,-27.0,0.5,8.2
-44.0,-27.0,0.5,8.2
-44.0,-27.0,0.5,8.2
-44.0,-27.0,0.5,8.2
-44.0,-27.0,0.5,8.2
-44.0,-27.0,0.5,8.2
-44.0,-27.0,0.5,8.2
-44.0,-27.0,0.5,8.2
-44.0,-27.0,0.5,8.2
-44.0,-27.0,0.5,8.2
-44.0,-27.0,0.5,8.2
-44.0,-27.0,0.5,8.2
-44.0,-27.0,0.5,8.2
-44.0,-27.0,0.5,8.2
-44.0,-27.0,0.5,8.2
-44.0,-27.0,0.5,8.2
-44.0,-27.0,0.5,8.2
-44.0,-27.0,0.5,8.2
-44.0,-27.0,0.5,8.2
-44.0,-27.0,0.5,8.2
-44.0,-27.0,0.5,8.2
-44.0,-27.0,0.5,8.2
-44.0,-27.0,0.5,8.2
-44.0,-27.0,0.5,8.2
-44.0,-27.0,0.5,8.2
-44.0,-27.0,0.5,8.2
-44.0,-27.0,0.5,8.2
-44.0,-27.0,0.5,8.2
-44.0,-27.0,0.5,9.1
-44.0,-27.0,0.5,9.1
-44.0,-27.0,0.5,9.1
-44.0,-27.0,0.5,9.1
-44.0,-27.0,0.5,9.1
-44.0,-27.0,0.5,9.1
-44.0,-27.0,0.5,9.1
-44.0,-27.0,0.5,9.1
-44.0,-27.0,0.5,9.1
-44.0,-27.0,0.5,9.1
-44.0,-27.0,0.5,9.1
-44.0,-27.0,0.5,9.1
-44.0,-27.0,0.5,9.1
-44.0,-27.0,0.5,9.1
-44.0,-27.0,0.5,9.1
-44.0,-27.0,0.5,9.1
-44.0,-27.0,0.5,9.1
-44.0,-27.0,0.5,9.1
-44.0,-27.0,0.5,9.1
-44.0,-27.0,0.5,9.1
-44.0,-27.0,0.5,9.1
-44.0,-27.0,0.5,9.1
-44.0,-27.0,0.5,9.1
-44.0,-27.0,0.5,9.1
-44.0,-27.0,0.5,9.1
-44.0,-27.0,0.5,9.1
-44.0,-27.0,0.5,9.1
-44.0,-27.0,0.5,9.1
-44.0,-27.0,0.5,9.1
-44.0,-27.0,0.5,9.1
-44.0,-27.0,0.5,9.1
-44.0,-27.0,0.5,9.1
-44.0,-27.0,0.5,9.1
-44.0,-27.0,0.5,9.1
-44.0,-27.0,0.5,9.1
-44.0,-27.0,0.5,9.1
-44.0,-27.0,0.5,9.1
-44.0,-27.0,0.5,9.1
-44.0,-27.0,0.5,9.1
-44.0,-27.0,0.5,9.1
-44.0,-27.0,0.5,9.1
-30.0,-42.0,1.0,1.9
-30.0,-42.0,1.0,1.9
-30.0,-42.0,1.0,1.9
-30.0,-42.0,1.0,1.9
-30.0,-42.0,1.0,1.9
-30.0,-42.0,1.0,1.9
-30.0,-42.0,1.0,1.9
-30.0,-42.0,1.0,1.9
-30.0,-42.0,1.0,1.9
-30.0,-42.0,1.0,1.9
-30.0,-42.0,1.0,1.9
-30.0,-42.0,1.0,1.9
-30.0,-42.0,1.0,1.9
-30.0,-42.0,1.0,1.9
-30.0,-42.0,1.0,1.9
-30.0,-42.0,1.0,1.9
-30.0,-42.0,1.0,1.9
-30.0,-42.0,1.0,1.9
-30.0,-42.0,1.0,1.9
-30.0,-42.0,1.0,1.9
-30.0,-42.0,1.0,1.9
-30.0,-42.0,1.0,1.9
-30.0,-42.0,1.0,1.9
-30.0,-42.0,1.0,1.9
-30.0,-42.0,1.0,1.9
-30.0,-42.0,1.0,1.9
-30.0,-42.0,1.0,1.9
-30.0,-42.0,1.0,1.9
-30.0,-42.0,1.0,1.9
-30.0,-42.0,1.0,1.9
-30.0,-42.0,1.0,1.9
-30.0,-42.0,1.0,1.9
-30.0,-42.0,1.0,1.9
-30.0,-42.0,1.0,1.9
-30.0,-42.0,1.0,1.9
-30.0,-42.0,1.0,1.9
-30.0,-42.0,1.0,1.9
-31.0,-43.0,1.0,1.9
-31.0,-43.0,1.0,1.9
-31.0,-43.0,1.0,1.9
-31.0,-43.0,1.0,1.9
-31.0,-43.0,1.0,2.8
-31.0,-43.0,1.0,2.8
-31.0,-43.0,1.0,2.8
-31.0,-43.0,1.0,2.8
-31.0,-43.0,1.0,2.8
-31.0,-43.0,1.0,2.8
-31.0,-43.0,1.0,2.8
-31.0,-43.0,1.0,2.8
-31.0,-43.0,1.0,2.8
-31.0,-43.0,1.0,2.8
-31.0,-43.0,1.0,2.8
-31.0,-43.0,1.0,2.8
-31.0,-43.0,1.0,2.8
-31.0,-43.0,1.0,2.8
-31.0,-43.0,1.0,2.8
-31.0,-43.0,1.0,2.8
-31.0,-43.0,1.0,2.8
-31.0,-43.0,1.0,2.8
-31.0,-43.0,1.0,2.8
-31.0,-43.0,1.0,2.8
-31.0,-43.0,1.0,2.8
-31.0,-43.0,1.0,2.8
-31.0,-43.0,1.0,2.8
-31.0,-43.0,1.0,2.8
-31.0,-43.0,1.0,2.8
-31.0,-43.0,1.0,2.8
-31.0,-43.0,1.0,2.8
-31.0,-43.0,1.0,2.8
-31.0,-43.0,1.0,2.8
-31.0,-43.0,1.0,2.8
-31.0,-43.0,1.0,2.8
-31.0,-43.0,1.0,2.8
-31.0,-43.0,1.0,2.8
-31.0,-43.0,1.0,2.8
-31.0,-43.0,1.0,2.8
-31.0,-43.0,1.0,2.8
-31.0,-43.0,1.0,2.8
-37.0,-38.0,1.0,2.8
-33.0,-43.0,1.0,2.8
-36.0,-39.0,1.0,2.8
-36.0,-39.0,1.0,2.8
-36.0,-39.0,1.0,3.7
-36.0,-39.0,1.0,3.7
-36.0,-39.0,1.0,3.7
-36.0,-39.0,1.0,3.7
-36.0,-39.0,1.0,3.7
-36.0,-39.0,1.0,3.7
-36.0,-39.0,1.0,3.7
-36.0,-39.0,1.0,3.7
-36.0,-39.0,1.0,3.7
-36.0,-39.0,1.0,3.7
-36.0,-39.0,1.0,3.7
-36.0,-39.0,1.0,3.7
-36.0,-39.0,1.0,3.7
-36.0,-39.0,1.0,3.7
-36.0,-39.0,1.0,3.7
-36.0,-39.0,1.0,3.7
-51.0,-45.0,1.0,3.7
-51.0,-45.0,1.0,3.7
-51.0,-45.0,1.0,3.7
-51.0,-45.0,1.0,3.7
-51.0,-45.0,1.0,3.7
-51.0,-45.0,1.0,3.7
-51.0,-45.0,1.0,3.7
-51.0,-45.0,1.0,3.7
-51.0,-45.0,1.0,3.7
-51.0,-45.0,1.0,3.7
-51.0,-45.0,1.0,3.7
-51.0,-45.0,1.0,3.7
-51.0,-45.0,1.0,3.7
-51.0,-45.0,1.0,3.7
-51.0,-45.0,1.0,3.7
-51.0,-45.0,1.0,3.7
-51.0,-45.0,1.0,3.7
-51.0,-45.0,1.0,3.7
-51.0,-45.0,1.0,3.7
-51.0,-45.0,1.0,3.7
-51.0,-45.0,1.0,3.7
-51.0,-45.0,1.0,3.7
-51.0,-45.0,1.0,3.7
-51.0,-45.0,1.0,3.7
-51.0,-45.0,1.0,3.7
-51.0,-45.0,1.0,4.6
-51.0,-45.0,1.0,4.6
-51.0,-45.0,1.0,4.6
-51.0,-45.0,1.0,4.6
-51.0,-45.0,1.0,4.6
-51.0,-45.0,1.0,4.6
-51.0,-45.0,1.0,4.6
-51.0,-45.0,1.0,4.6
-51.0,-45.0,1.0,4.6
-51.0,-45.0,1.0,4.6
-51.0,-45.0,1.0,4.6
-51.0,-45.0,1.0,4.6
-51.0,-45.0,1.0,4.6
-51.0,-45.0,1.0,4.6
-51.0,-45.0,1.0,4.6
-51.0,-45.0,1.0,4.6
-51.0,-45.0,1.0,4.6
-51.0,-45.0,1.0,4.6
-51.0,-45.0,1.0,4.6
-51.0,-45.0,1.0,4.6
-51.0,-45.0,1.0,4.6
-51.0,-45.0,1.0,4.6
-51.0,-45.0,1.0,4.6
-51.0,-45.0,1.0,4.6
-51.0,-45.0,1.0,4.6
-46.0,-32.0,1.0,4.6
-49.0,-42.0,1.0,4.6
-45.0,-34.0,1.0,4.6
-45.0,-34.0,1.0,4.6
-45.0,-34.0,1.0,4.6
-45.0,-34.0,1.0,4.6
-45.0,-34.0,1.0,4.6
-45.0,-34.0,1.0,4.6
-45.0,-34.0,1.0,4.6
-45.0,-34.0,1.0,4.6
-45.0,-34.0,1.0,4.6
-45.0,-34.0,1.0,4.6
-45.0,-34.0,1.0,4.6
-45.0,-34.0,1.0,4.6
-45.0,-34.0,1.0,4.6
-45.0,-34.0,1.0,4.6
-37.0,-41.0,1.0,6.4
-37.0,-41.0,1.0,6.4
-37.0,-41.0,1.0,6.4
-37.0,-41.0,1.0,6.4
-37.0,-41.0,1.0,6.4
-37.0,-41.0,1.0,6.4
-37.0,-41.0,1.0,6.4
-37.0,-41.0,1.0,6.4
-37.0,-41.0,1.0,6.4
-37.0,-41.0,1.0,6.4
-37.0,-41.0,1.0,6.4
-37.0,-41.0,1.0,6.4
-37.0,-41.0,1.0,6.4
-37.0,-41.0,1.0,6.4
-37.0,-41.0,1.0,6.4
-37.0,-41.0,1.0,6.4
-37.0,-41.0,1.0,6.4
-37.0,-41.0,1.0,6.4
-40.0,-43.0,1.0,6.4
-42.0,-39.0,1.0,6.4
-63.0,-39.0,1.0,6.4
-63.0,-39.0,1.0,6.4
-63.0,-39.0,1.0,6.4
-63.0,-39.0,1.0,6.4
-63.0,-39.0,1.0,6.4
-63.0,-39.0,1.0,6.4
-63.0,-39.0,1.0,6.4
-63.0,-39.0,1.0,6.4
-63.0,-39.0,1.0,6.4
-63.0,-39.0,1.0,6.4
-63.0,-39.0,1.0,6.4
-63.0,-39.0,1.0,6.4
-63.0,-39.0,1.0,6.4
-63.0,-39.0,1.0,6.4
-63.0,-39.0,1.0,6.4
-63.0,-39.0,1.0,6.4
-63.0,-39.0,1.0,6.4
-63.0,-39.0,1.0,6.4
-63.0,-39.0,1.0,6.4
-63.0,-39.0,1.0,6.4
-63.0,-39.0,1.0,6.4
-63.0,-39.0,1.0,7.3
-63.0,-39.0,1.0,7.3
-63.0,-39.0,1.0,7.3
-63.0,-39.0,1.0,7.3
-63.0,-39.0,1.0,7.3
-63.0,-39.0,1.0,7.3
-63.0,-39.0,1.0,7.3
-63.0,-39.0,1.0,7.3
-63.0,-39.0,1.0,7.3
-63.0,-39.0,1.0,7.3
-63.0,-39.0,1.0,7.3
-63.0,-39.0,1.0,7.3
-63.0,-39.0,1.0,7.3
-63.0,-39.0,1.0,7.3
-63.0,-39.0,1.0,7.3
-63.0,-39.0,1.0,7.3
-63.0,-39.0,1.0,7.3
-63.0,-39.0,1.0,7.3
-63.0,-39.0,1.0,7.3
-63.0,-39.0,1.0,7.3
-63.0,-39.0,1.0,7.3
-63.0,-39.0,1.0,7.3
-63.0,-39.0,1.0,7.3
-63.0,-39.0,1.0,7.3
-63.0,-39.0,1.0,7.3
-63.0,-39.0,1.0,7.3
-63.0,-39.0,1.0,7.3
-63.0,-39.0,1.0,7.3
-63.0,-39.0,1.0,7.3
-63.0,-39.0,1.0,7.3
-63.0,-39.0,1.0,7.3
-63.0,-39.0,1.0,7.3
-63.0,-39.0,1.0,7.3
-63.0,-39.0,1.0,7.3
-63.0,-39.0,1.0,7.3
-63.0,-39.0,1.0,7.3
-50.0,-27.0,1.0,7.3
-50.0,-27.0,1.0,7.3
-50.0,-27.0,1.0,7.3
-50.0,-27.0,1.0,7.3
-50.0,-27.0,1.0,7.3
-45.0,-29.0,1.0,8.2
-45.0,-29.0,1.0,8.2
-45.0,-29.0,1.0,8.2
-45.0,-29.0,1.0,8.2
-45.0,-29.0,1.0,8.2
-45.0,-29.0,1.0,8.2
-45.0,-29.0,1.0,8.2
-45.0,-29.0,1.0,8.2
-45.0,-29.0,1.0,8.2
-45.0,-29.0,1.0,8.2
-33.0,-45.0,1.5,1.9
-33.0,-45.0,1.5,1.9
-33.0,-45.0,1.5,1.9
-33.0,-45.0,1.5,1.9
-33.0,-45.0,1.5,1.9
-33.0,-45.0,1.5,1.9
-33.0,-45.0,1.5,1.9
-33.0,-45.0,1.5,1.9
-33.0,-45.0,1.5,1.9
-33.0,-45.0,1.5,1.9
-33.0,-45.0,1.5,1.9
-33.0,-45.0,1.5,1.9
-33.0,-45.0,1.5,1.9
-33.0,-45.0,1.5,1.9
-33.0,-45.0,1.5,1.9
-33.0,-45.0,1.5,1.9
-33.0,-45.0,1.5,1.9
-33.0,-45.0,1.5,1.9
-33.0,-45.0,1.5,1.9
-33.0,-45.0,1.5,1.9
-33.0,-45.0,1.5,1.9
-33.0,-45.0,1.5,1.9
-33.0,-45.0,1.5,1.9
-33.0,-45.0,1.5,1.9
-33.0,-45.0,1.5,1.9
-33.0,-45.0,1.5,1.9
-33.0,-45.0,1.5,1.9
-33.0,-45.0,1.5,1.9
-33.0,-45.0,1.5,1.9
-33.0,-45.0,1.5,1.9
-33.0,-45.0,1.5,1.9
-33.0,-45.0,1.5,1.9
-33.0,-45.0,1.5,1.9
-33.0,-45.0,1.5,1.9
-33.0,-45.0,1.5,1.9
-33.0,-45.0,1.5,1.9
-33.0,-45.0,1.5,1.9
-33.0,-45.0,1.5,1.9
-33.0,-45.0,1.5,1.9
-33.0,-45.0,1.5,1.9
-33.0,-45.0,1.5,1.9
-37.0,-40.0,1.5,2.8
-37.0,-40.0,1.5,2.8
-37.0,-40.0,1.5,2.8
-37.0,-40.0,1.5,2.8
-37.0,-40.0,1.5,2.8
-37.0,-40.0,1.5,2.8
-37.0,-40.0,1.5,2.8
-37.0,-40.0,1.5,2.8
-37.0,-40.0,1.5,2.8
-37.0,-40.0,1.5,2.8
-37.0,-40.0,1.5,2.8
-37.0,-40.0,1.5,2.8
-37.0,-40.0,1.5,2.8
-37.0,-40.0,1.5,2.8
-37.0,-40.0,1.5,2.8
-37.0,-40.0,1.5,2.8
-37.0,-40.0,1.5,2.8
-37.0,-40.0,1.5,2.8
-37.0,-40.0,1.5,2.8
-37.0,-40.0,1.5,2.8
-37.0,-40.0,1.5,2.8
-37.0,-40.0,1.5,2.8
-37.0,-40.0,1.5,2.8
-37.0,-40.0,1.5,2.8
-37.0,-40.0,1.5,2.8
-37.0,-40.0,1.5,2.8
-37.0,-40.0,1.5,2.8
-37.0,-40.0,1.5,2.8
-37.0,-40.0,1.5,2.8
-37.0,-40.0,1.5,2.8
-37.0,-40.0,1.5,2.8
-37.0,-40.0,1.5,2.8
-37.0,-40.0,1.5,2.8
-37.0,-40.0,1.5,2.8
-37.0,-40.0,1.5,2.8
-37.0,-40.0,1.5,2.8
-37.0,-40.0,1.5,2.8
-37.0,-40.0,1.5,2.8
-37.0,-40.0,1.5,2.8
-37.0,-40.0,1.5,2.8
-37.0,-40.0,1.5,2.8
-38.0,-40.0,1.5,3.7
-38.0,-40.0,1.5,3.7
-38.0,-40.0,1.5,3.7
-38.0,-40.0,1.5,3.7
-38.0,-40.0,1.5,3.7
-38.0,-40.0,1.5,3.7
-38.0,-40.0,1.5,3.7
-38.0,-40.0,1.5,3.7
-38.0,-40.0,1.5,3.7
-38.0,-40.0,1.5,3.7
-38.0,-40.0,1.5,3.7
-38.0,-40.0,1.5,3.7
-38.0,-40.0,1.5,3.7
-38.0,-40.0,1.5,3.7
-38.0,-40.0,1.5,3.7
-38.0,-40.0,1.5,3.7
-38.0,-40.0,1.5,3.7
-38.0,-40.0,1.5,3.7
-38.0,-40.0,1.5,3.7
-38.0,-40.0,1.5,3.7
-38.0,-40.0,1.5,3.7
-38.0,-40.0,1.5,3.7
-38.0,-40.0,1.5,3.7
-38.0,-40.0,1.5,3.7
-38.0,-40.0,1.5,3.7
-38.0,-40.0,1.5,3.7
-38.0,-40.0,1.5,3.7
-38.0,-40.0,1.5,3.7
-38.0,-40.0,1.5,3.7
-38.0,-40.0,1.5,3.7
-38.0,-40.0,1.5,3.7
-38.0,-40.0,1.5,3.7
-38.0,-40.0,1.5,3.7
-46.0,-37.0,1.5,3.7
-46.0,-41.0,1.5,3.7
-44.0,-37.0,1.5,3.7
-44.0,-37.0,1.5,3.7
-44.0,-37.0,1.5,3.7
-44.0,-37.0,1.5,3.7
-44.0,-37.0,1.5,3.7
-44.0,-37.0,1.5,3.7
-44.0,-37.0,1.5,4.6
-44.0,-37.0,1.5,4.6
-44.0,-37.0,1.5,4.6
-44.0,-37.0,1.5,4.6
-44.0,-37.0,1.5,4.6
-44.0,-37.0,1.5,4.6
-44.0,-37.0,1.5,4.6
-44.0,-37.0,1.5,4.6
-44.0,-37.0,1.5,4.6
-44.0,-37.0,1.5,4.6
-41.0,-40.0,1.5,4.6
-41.0,-40.0,1.5,4.6
-41.0,-40.0,1.5,4.6
-41.0,-40.0,1.5,4.6
-41.0,-40.0,1.5,4.6
-41.0,-40.0,1.5,4.6
-41.0,-40.0,1.5,4.6
-41.0,-40.0,1.5,4.6
-41.0,-40.0,1.5,4.6
-41.0,-40.0,1.5,4.6
-41.0,-40.0,1.5,4.6
-41.0,-40.0,1.5,4.6
-41.0,-40.0,1.5,4.6
-41.0,-40.0,1.5,4.6
-41.0,-40.0,1.5,4.6
-41.0,-40.0,1.5,4.6
-41.0,-40.0,1.5,4.6
-41.0,-40.0,1.5,4.6
-41.0,-40.0,1.5,4.6
-41.0,-40.0,1.5,4.6
-41.0,-40.0,1.5,4.6
-41.0,-40.0,1.5,4.6
-41.0,-40.0,1.5,4.6
-41.0,-40.0,1.5,4.6
-41.0,-40.0,1.5,4.6
-41.0,-40.0,1.5,4.6
-41.0,-40.0,1.5,4.6
-41.0,-40.0,1.5,4.6
-41.0,-40.0,1.5,4.6
-41.0,-40.0,1.5,4.6
-41.0,-40.0,1.5,4.6
-48.0,-50.0,1.5,6.4
-48.0,-50.0,1.5,6.4
-48.0,-50.0,1.5,6.4
-48.0,-50.0,1.5,6.4
-48.0,-50.0,1.5,6.4
-48.0,-50.0,1.5,6.4
-48.0,-50.0,1.5,6.4
-48.0,-50.0,1.5,6.4
-48.0,-50.0,1.5,6.4
-48.0,-50.0,1.5,6.4
-48.0,-50.0,1.5,6.4
-48.0,-50.0,1.5,6.4
-48.0,-50.0,1.5,6.4
-48.0,-50.0,1.5,6.4
-48.0,-50.0,1.5,6.4
-48.0,-50.0,1.5,6.4
-48.0,-50.0,1.5,6.4
-48.0,-50.0,1.5,6.4
-48.0,-50.0,1.5,6.4
-48.0,-50.0,1.5,6.4
-48.0,-50.0,1.5,6.4
-48.0,-50.0,1.5,6.4
-48.0,-50.0,1.5,6.4
-48.0,-50.0,1.5,6.4
-48.0,-50.0,1.5,6.4
-48.0,-50.0,1.5,6.4
-48.0,-50.0,1.5,6.4
-48.0,-50.0,1.5,6.4
-48.0,-50.0,1.5,6.4
-48.0,-50.0,1.5,6.4
-48.0,-50.0,1.5,6.4
-48.0,-50.0,1.5,6.4
-48.0,-50.0,1.5,6.4
-48.0,-50.0,1.5,6.4
-48.0,-50.0,1.5,6.4
-48.0,-50.0,1.5,6.4
-48.0,-50.0,1.5,6.4
-48.0,-50.0,1.5,6.4
-48.0,-50.0,1.5,6.4
-48.0,-50.0,1.5,6.4
-48.0,-50.0,1.5,6.4
-45.0,-47.0,1.5,7.3
-45.0,-47.0,1.5,7.3
-45.0,-47.0,1.5,7.3
-45.0,-47.0,1.5,7.3
-45.0,-47.0,1.5,7.3
-45.0,-47.0,1.5,7.3
-45.0,-47.0,1.5,7.3
-45.0,-47.0,1.5,7.3
-45.0,-47.0,1.5,7.3
-45.0,-47.0,1.5,7.3
-45.0,-47.0,1.5,7.3
-45.0,-47.0,1.5,7.3
-45.0,-47.0,1.5,7.3
-45.0,-47.0,1.5,7.3
-45.0,-47.0,1.5,7.3
-45.0,-47.0,1.5,7.3
-45.0,-47.0,1.5,7.3
-45.0,-47.0,1.5,7.3
-45.0,-47.0,1.5,7.3
-45.0,-47.0,1.5,7.3
-45.0,-47.0,1.5,7.3
-45.0,-47.0,1.5,7.3
-45.0,-47.0,1.5,7.3
-45.0,-47.0,1.5,7.3
-45.0,-47.0,1.5,7.3
-45.0,-47.0,1.5,7.3
-45.0,-47.0,1.5,7.3
-45.0,-47.0,1.5,7.3
-45.0,-47.0,1.5,7.3
-45.0,-47.0,1.5,7.3
-45.0,-47.0,1.5,7.3
-45.0,-47.0,1.5,7.3
-45.0,-47.0,1.5,7.3
-45.0,-47.0,1.5,7.3
-45.0,-47.0,1.5,7.3
-45.0,-47.0,1.5,7.3
-45.0,-47.0,1.5,7.3
-45.0,-47.0,1.5,7.3
-45.0,-47.0,1.5,7.3
-45.0,-47.0,1.5,7.3
-45.0,-47.0,1.5,7.3
-47.0,-37.0,1.5,8.2
-47.0,-37.0,1.5,8.2
-47.0,-37.0,1.5,8.2
-47.0,-37.0,1.5,8.2
-47.0,-37.0,1.5,8.2
-47.0,-37.0,1.5,8.2
-47.0,-37.0,1.5,8.2
-47.0,-37.0,1.5,8.2
-47.0,-37.0,1.5,8.2
-47.0,-37.0,1.5,8.2
-47.0,-37.0,1.5,8.2
-47.0,-37.0,1.5,8.2
-47.0,-37.0,1.5,8.2
-47.0,-37.0,1.5,8.2
-47.0,-37.0,1.5,8.2
-47.0,-37.0,1.5,8.2
-47.0,-37.0,1.5,8.2
-47.0,-37.0,1.5,8.2
-47.0,-37.0,1.5,8.2
-47.0,-37.0,1.5,8.2
-47.0,-37.0,1.5,8.2
-47.0,-37.0,1.5,8.2
-47.0,-37.0,1.5,8.2
-47.0,-37.0,1.5,8.2
-47.0,-37.0,1.5,8.2
-47.0,-37.0,1.5,8.2
-47.0,-37.0,1.5,8.2
-47.0,-37.0,1.5,8.2
-47.0,-37.0,1.5,8.2
-47.0,-37.0,1.5,8.2
-47.0,-37.0,1.5,8.2
-47.0,-37.0,1.5,8.2
-47.0,-37.0,1.5,8.2
-47.0,-37.0,1.5,8.2
-47.0,-37.0,1.5,8.2
-47.0,-37.0,1.5,8.2
-47.0,-37.0,1.5,8.2
-47.0,-37.0,1.5,8.2
-47.0,-37.0,1.5,8.2
-46.0,-38.0,1.5,8.2
-46.0,-38.0,1.5,8.2
-46.0,-38.0,1.5,9.1
-46.0,-38.0,1.5,9.1
-46.0,-38.0,1.5,9.1
-46.0,-38.0,1.5,9.1
-46.0,-38.0,1.5,9.1
-46.0,-38.0,1.5,9.1
-46.0,-38.0,1.5,9.1
-46.0,-38.0,1.5,9.1
-46.0,-38.0,1.5,9.1
-46.0,-38.0,1.5,9.1
-46.0,-38.0,1.5,9.1
-46.0,-38.0,1.5,9.1
-46.0,-38.0,1.5,9.1
-46.0,-38.0,1.5,9.1
-46.0,-38.0,1.5,9.1
-46.0,-38.0,1.5,9.1
-46.0,-38.0,1.5,9.1
-46.0,-38.0,1.5,9.1
-46.0,-38.0,1.5,9.1
-46.0,-38.0,1.5,9.1
-46.0,-38.0,1.5,9.1
-46.0,-38.0,1.5,9.1
-46.0,-38.0,1.5,9.1
-46.0,-38.0,1.5,9.1
-46.0,-38.0,1.5,9.1
-46.0,-38.0,1.5,9.1
-46.0,-38.0,1.5,9.1
-46.0,-38.0,1.5,9.1
-46.0,-38.0,1.5,9.1
-46.0,-38.0,1.5,9.1
-46.0,-38.0,1.5,9.1
-46.0,-38.0,1.5,9.1
-46.0,-38.0,1.5,9.1
-44.0,-36.0,1.5,9.1
-44.0,-36.0,1.5,9.1
-44.0,-36.0,1.5,9.1
-44.0,-36.0,1.5,9.1
-44.0,-36.0,1.5,9.1
-44.0,-24.0,1.5,9.1
-56.0,-24.0,1.5,9.1
-56.0,-24.0,1.5,9.1
-29.0,-49.0,2.0,1.9
-29.0,-49.0,2.0,1.9
-29.0,-49.0,2.0,1.9
-29.0,-49.0,2.0,1.9
-29.0,-49.0,2.0,1.9
-29.0,-49.0,2.0,1.9
-29.0,-49.0,2.0,1.9
-29.0,-49.0,2.0,1.9
-29.0,-49.0,2.0,1.9
-29.0,-49.0,2.0,1.9
-29.0,-49.0,2.0,1.9
-27.0,-49.0,2.0,1.9
-27.0,-48.0,2.0,1.9
-27.0,-48.0,2.0,1.9
-27.0,-48.0,2.0,1.9
-27.0,-48.0,2.0,1.9
-27.0,-48.0,2.0,1.9
-27.0,-48.0,2.0,1.9
-28.0,-48.0,2.0,2.8
-28.0,-48.0,2.0,2.8
-28.0,-48.0,2.0,2.8
-28.0,-48.0,2.0,2.8
-28.0,-48.0,2.0,2.8
-28.0,-48.0,2.0,2.8
-28.0,-48.0,2.0,2.8
-28.0,-48.0,2.0,2.8
-28.0,-48.0,2.0,2.8
-28.0,-48.0,2.0,2.8
-28.0,-48.0,2.0,2.8
-28.0,-48.0,2.0,2.8
-28.0,-48.0,2.0,2.8
-28.0,-48.0,2.0,2.8
-28.0,-48.0,2.0,2.8
-28.0,-48.0,2.0,2.8
-28.0,-48.0,2.0,2.8
-28.0,-48.0,2.0,2.8
-28.0,-48.0,2.0,2.8
-28.0,-48.0,2.0,2.8
-42.0,-55.0,2.0,2.8
-42.0,-55.0,2.0,2.8
-42.0,-55.0,2.0,2.8
-42.0,-55.0,2.0,2.8
-42.0,-55.0,2.0,2.8
-42.0,-55.0,2.0,2.8
-42.0,-55.0,2.0,2.8
-42.0,-55.0,2.0,2.8
-42.0,-55.0,2.0,2.8
-42.0,-55.0,2.0,2.8
-42.0,-55.0,2.0,2.8
-42.0,-55.0,2.0,2.8
-42.0,-55.0,2.0,2.8
-42.0,-55.0,2.0,2.8
-42.0,-55.0,2.0,2.8
-42.0,-55.0,2.0,2.8
-42.0,-55.0,2.0,2.8
-42.0,-55.0,2.0,2.8
-42.0,-55.0,2.0,2.8
-42.0,-55.0,2.0,2.8
-42.0,-55.0,2.0,2.8
-49.0,-55.0,2.0,3.7
-49.0,-55.0,2.0,3.7
-49.0,-55.0,2.0,3.7
-49.0,-55.0,2.0,3.7
-49.0,-55.0,2.0,3.7
-49.0,-55.0,2.0,3.7
-49.0,-55.0,2.0,3.7
-49.0,-55.0,2.0,3.7
-49.0,-55.0,2.0,3.7
-49.0,-55.0,2.0,3.7
-49.0,-55.0,2.0,3.7
-49.0,-55.0,2.0,3.7
-49.0,-55.0,2.0,3.7
-49.0,-55.0,2.0,3.7
-49.0,-55.0,2.0,3.7
-49.0,-55.0,2.0,3.7
-49.0,-55.0,2.0,3.7
-49.0,-55.0,2.0,3.7
-49.0,-55.0,2.0,3.7
-49.0,-55.0,2.0,3.7
-49.0,-55.0,2.0,3.7
-49.0,-55.0,2.0,3.7
-49.0,-55.0,2.0,3.7
-49.0,-55.0,2.0,3.7
-49.0,-55.0,2.0,3.7
-49.0,-55.0,2.0,3.7
-49.0,-55.0,2.0,3.7
-49.0,-55.0,2.0,3.7
-49.0,-55.0,2.0,3.7
-49.0,-55.0,2.0,3.7
-49.0,-55.0,2.0,3.7
-49.0,-55.0,2.0,3.7
-49.0,-55.0,2.0,3.7
-49.0,-55.0,2.0,3.7
-49.0,-55.0,2.0,3.7
-49.0,-55.0,2.0,3.7
-49.0,-55.0,2.0,3.7
-49.0,-55.0,2.0,3.7
-49.0,-55.0,2.0,3.7
-49.0,-55.0,2.0,3.7
-49.0,-55.0,2.0,3.7
-48.0,-47.0,2.0,4.6
-48.0,-47.0,2.0,4.6
-48.0,-47.0,2.0,4.6
-48.0,-47.0,2.0,4.6
-48.0,-47.0,2.0,4.6
-48.0,-47.0,2.0,4.6
-48.0,-47.0,2.0,4.6
-48.0,-47.0,2.0,4.6
-48.0,-47.0,2.0,4.6
-48.0,-47.0,2.0,4.6
-48.0,-47.0,2.0,4.6
-48.0,-47.0,2.0,4.6
-48.0,-47.0,2.0,4.6
-48.0,-47.0,2.0,4.6
-48.0,-47.0,2.0,4.6
-48.0,-47.0,2.0,4.6
-48.0,-47.0,2.0,4.6
-48.0,-47.0,2.0,4.6
-48.0,-47.0,2.0,4.6
-48.0,-47.0,2.0,4.6
-43.0,-44.0,2.0,4.6
-43.0,-44.0,2.0,4.6
-43.0,-44.0,2.0,4.6
-43.0,-44.0,2.0,4.6
-43.0,-44.0,2.0,4.6
-43.0,-45.0,2.0,4.6
-43.0,-45.0,2.0,4.6
-43.0,-45.0,2.0,4.6
-43.0,-45.0,2.0,4.6
-43.0,-45.0,2.0,4.6
-43.0,-45.0,2.0,4.6
-43.0,-45.0,2.0,4.6
-43.0,-45.0,2.0,4.6
-43.0,-45.0,2.0,4.6
-43.0,-45.0,2.0,4.6
-43.0,-45.0,2.0,4.6
-43.0,-45.0,2.0,4.6
-43.0,-45.0,2.0,4.6
-43.0,-45.0,2.0,4.6
-43.0,-45.0,2.0,4.6
-43.0,-45.0,2.0,4.6
-43.0,-45.0,2.0,6.4
-43.0,-45.0,2.0,6.4
-43.0,-45.0,2.0,6.4
-43.0,-45.0,2.0,6.4
-43.0,-45.0,2.0,6.4
-43.0,-45.0,2.0,6.4
-43.0,-45.0,2.0,6.4
-43.0,-45.0,2.0,6.4
-43.0,-45.0,2.0,6.4
-43.0,-45.0,2.0,6.4
-43.0,-45.0,2.0,6.4
-43.0,-45.0,2.0,6.4
-43.0,-45.0,2.0,6.4
-43.0,-45.0,2.0,6.4
-43.0,-45.0,2.0,6.4
-43.0,-45.0,2.0,6.4
-43.0,-45.0,2.0,6.4
-43.0,-45.0,2.0,6.4
-43.0,-45.0,2.0,6.4
-43.0,-45.0,2.0,6.4
-43.0,-45.0,2.0,6.4
-43.0,-45.0,2.0,6.4
-43.0,-45.0,2.0,6.4
-43.0,-45.0,2.0,6.4
-43.0,-45.0,2.0,6.4
-43.0,-45.0,2.0,6.4
-43.0,-45.0,2.0,6.4
-43.0,-45.0,2.0,6.4
-43.0,-45.0,2.0,6.4
-43.0,-45.0,2.0,6.4
-43.0,-45.0,2.0,6.4
-43.0,-45.0,2.0,6.4
-43.0,-45.0,2.0,6.4
-43.0,-45.0,2.0,6.4
-43.0,-45.0,2.0,6.4
-43.0,-45.0,2.0,6.4
-43.0,-45.0,2.0,6.4
-43.0,-45.0,2.0,6.4
-43.0,-45.0,2.0,6.4
-43.0,-45.0,2.0,6.4
-43.0,-45.0,2.0,6.4
-50.0,-38.0,2.0,7.3
-50.0,-38.0,2.0,7.3
-50.0,-38.0,2.0,7.3
-50.0,-38.0,2.0,7.3
-50.0,-38.0,2.0,7.3
-50.0,-38.0,2.0,7.3
-50.0,-38.0,2.0,7.3
-50.0,-38.0,2.0,7.3
-50.0,-38.0,2.0,7.3
-50.0,-38.0,2.0,7.3
-50.0,-38.0,2.0,7.3
-50.0,-38.0,2.0,7.3
-50.0,-38.0,2.0,7.3
-50.0,-38.0,2.0,7.3
-50.0,-38.0,2.0,7.3
-50.0,-38.0,2.0,7.3
-50.0,-38.0,2.0,7.3
-50.0,-38.0,2.0,7.3
-50.0,-38.0,2.0,7.3
-50.0,-38.0,2.0,7.3
-50.0,-38.0,2.0,7.3
-50.0,-38.0,2.0,7.3
-50.0,-38.0,2.0,7.3
-50.0,-38.0,2.0,7.3
-50.0,-38.0,2.0,7.3
-50.0,-38.0,2.0,7.3
-50.0,-38.0,2.0,7.3
-50.0,-38.0,2.0,7.3
-50.0,-38.0,2.0,7.3
-50.0,-38.0,2.0,7.3
-50.0,-38.0,2.0,7.3
-50.0,-38.0,2.0,7.3
-50.0,-38.0,2.0,7.3
-50.0,-38.0,2.0,7.3
-50.0,-38.0,2.0,7.3
-50.0,-38.0,2.0,7.3
-50.0,-38.0,2.0,7.3
-50.0,-38.0,2.0,7.3
-50.0,-38.0,2.0,7.3
-50.0,-38.0,2.0,7.3
-50.0,-38.0,2.0,7.3
-50.0,-38.0,2.0,8.2
-48.0,-36.0,2.0,8.2
-48.0,-36.0,2.0,8.2
-48.0,-36.0,2.0,8.2
-48.0,-36.0,2.0,8.2
-48.0,-36.0,2.0,8.2
-48.0,-36.0,2.0,8.2
-48.0,-36.0,2.0,8.2
-48.0,-36.0,2.0,8.2
-48.0,-36.0,2.0,8.2
-48.0,-36.0,2.0,8.2
-48.0,-36.0,2.0,8.2
-48.0,-36.0,2.0,8.2
-48.0,-36.0,2.0,8.2
-48.0,-36.0,2.0,8.2
-48.0,-36.0,2.0,8.2
-48.0,-36.0,2.0,8.2
-48.0,-36.0,2.0,8.2
-48.0,-36.0,2.0,8.2
-48.0,-36.0,2.0,8.2
-48.0,-36.0,2.0,8.2
-48.0,-36.0,2.0,8.2
-48.0,-36.0,2.0,8.2
-48.0,-36.0,2.0,8.2
-48.0,-36.0,2.0,8.2
-48.0,-36.0,2.0,8.2
-48.0,-36.0,2.0,8.2
-48.0,-36.0,2.0,8.2
-48.0,-36.0,2.0,8.2
-48.0,-36.0,2.0,8.2
-48.0,-36.0,2.0,8.2
-48.0,-36.0,2.0,8.2
-48.0,-36.0,2.0,8.2
-48.0,-36.0,2.0,8.2
-48.0,-36.0,2.0,8.2
-48.0,-36.0,2.0,8.2
-48.0,-36.0,2.0,8.2
-48.0,-36.0,2.0,8.2
-48.0,-36.0,2.0,8.2
-49.0,-38.0,2.0,8.2
-48.0,-37.0,2.0,8.2
-48.0,-37.0,2.0,9.1
-48.0,-37.0,2.0,9.1
-48.0,-37.0,2.0,9.1
-48.0,-37.0,2.0,9.1
-48.0,-37.0,2.0,9.1
-48.0,-37.0,2.0,9.1
-48.0,-37.0,2.0,9.1
-48.0,-37.0,2.0,9.1
-48.0,-37.0,2.0,9.1
-48.0,-37.0,2.0,9.1
-48.0,-37.0,2.0,9.1
-48.0,-37.0,2.0,9.1
-48.0,-37.0,2.0,9.1
-48.0,-37.0,2.0,9.1
-48.0,-37.0,2.0,9.1
-48.0,-37.0,2.0,9.1
-48.0,-37.0,2.0,9.1
-48.0,-37.0,2.0,9.1
-48.0,-37.0,2.0,9.1
-48.0,-37.0,2.0,9.1
-48.0,-37.0,2.0,9.1
-48.0,-37.0,2.0,9.1
-48.0,-37.0,2.0,9.1
-48.0,-37.0,2.0,9.1
-48.0,-37.0,2.0,9.1
-48.0,-37.0,2.0,9.1
-48.0,-37.0,2.0,9.1
-48.0,-37.0,2.0,9.1
-48.0,-37.0,2.0,9.1
-48.0,-37.0,2.0,9.1
-48.0,-37.0,2.0,9.1
-48.0,-37.0,2.0,9.1
-48.0,-37.0,2.0,9.1
-48.0,-37.0,2.0,9.1
-32.0,-47.0,2.5,1.9
-32.0,-47.0,2.5,1.9
-32.0,-47.0,2.5,1.9
-32.0,-47.0,2.5,1.9
-32.0,-47.0,2.5,1.9
-32.0,-47.0,2.5,1.9
-32.0,-47.0,2.5,1.9
-32.0,-47.0,2.5,1.9
-32.0,-47.0,2.5,1.9
-32.0,-47.0,2.5,1.9
-32.0,-47.0,2.5,1.9
-32.0,-47.0,2.5,1.9
-32.0,-47.0,2.5,1.9
-32.0,-47.0,2.5,1.9
-32.0,-47.0,2.5,1.9
-32.0,-47.0,2.5,1.9
-32.0,-47.0,2.5,1.9
-32.0,-47.0,2.5,1.9
-32.0,-47.0,2.5,1.9
-32.0,-47.0,2.5,1.9
-32.0,-47.0,2.5,1.9
-32.0,-47.0,2.5,1.9
-32.0,-47.0,2.5,1.9
-32.0,-47.0,2.5,1.9
-32.0,-47.0,2.5,1.9
-32.0,-47.0,2.5,1.9
-32.0,-47.0,2.5,1.9
-32.0,-47.0,2.5,1.9
-32.0,-47.0,2.5,1.9
-32.0,-47.0,2.5,1.9
-32.0,-47.0,2.5,1.9
-32.0,-47.0,2.5,1.9
-32.0,-47.0,2.5,1.9
-32.0,-47.0,2.5,1.9
-32.0,-47.0,2.5,1.9
-32.0,-47.0,2.5,1.9
-32.0,-47.0,2.5,1.9
-32.0,-47.0,2.5,1.9
-32.0,-47.0,2.5,1.9
-32.0,-47.0,2.5,2.8
-32.0,-47.0,2.5,2.8
-32.0,-47.0,2.5,2.8
-32.0,-47.0,2.5,2.8
-32.0,-47.0,2.5,2.8
-32.0,-47.0,2.5,2.8
-32.0,-47.0,2.5,2.8
-32.0,-47.0,2.5,2.8
-32.0,-47.0,2.5,2.8
-32.0,-47.0,2.5,2.8
-32.0,-47.0,2.5,2.8
-32.0,-47.0,2.5,2.8
-32.0,-47.0,2.5,2.8
-32.0,-47.0,2.5,2.8
-32.0,-47.0,2.5,2.8
-32.0,-47.0,2.5,2.8
-32.0,-47.0,2.5,2.8
-32.0,-47.0,2.5,2.8
-32.0,-47.0,2.5,2.8
-32.0,-47.0,2.5,2.8
-32.0,-47.0,2.5,2.8
-32.0,-47.0,2.5,2.8
-32.0,-47.0,2.5,2.8
-32.0,-47.0,2.5,2.8
-32.0,-47.0,2.5,2.8
-32.0,-47.0,2.5,2.8
-32.0,-47.0,2.5,2.8
-32.0,-47.0,2.5,2.8
-32.0,-47.0,2.5,2.8
-32.0,-47.0,2.5,2.8
-32.0,-47.0,2.5,2.8
-32.0,-47.0,2.5,2.8
-32.0,-47.0,2.5,2.8
-43.0,-46.0,2.5,2.8
-34.0,-47.0,2.5,2.8
-34.0,-46.0,2.5,2.8
-41.0,-55.0,2.5,2.8
-41.0,-55.0,2.5,2.8
-41.0,-55.0,2.5,2.8
-41.0,-55.0,2.5,2.8
-41.0,-55.0,2.5,2.8
-41.0,-55.0,2.5,3.7
-41.0,-55.0,2.5,3.7
-41.0,-55.0,2.5,3.7
-41.0,-55.0,2.5,3.7
-41.0,-55.0,2.5,3.7
-41.0,-55.0,2.5,3.7
-41.0,-55.0,2.5,3.7
-41.0,-55.0,2.5,3.7
-41.0,-55.0,2.5,3.7
-41.0,-55.0,2.5,3.7
-41.0,-55.0,2.5,3.7
-41.0,-55.0,2.5,3.7
-41.0,-55.0,2.5,3.7
-41.0,-55.0,2.5,3.7
-41.0,-55.0,2.5,3.7
-41.0,-55.0,2.5,3.7
-41.0,-55.0,2.5,3.7
-41.0,-55.0,2.5,3.7
-41.0,-55.0,2.5,3.7
-41.0,-55.0,2.5,3.7
-41.0,-55.0,2.5,3.7
-41.0,-55.0,2.5,3.7
-41.0,-55.0,2.5,3.7
-41.0,-55.0,2.5,3.7
-41.0,-55.0,2.5,3.7
-41.0,-55.0,2.5,3.7
-41.0,-55.0,2.5,3.7
-41.0,-55.0,2.5,3.7
-41.0,-55.0,2.5,3.7
-41.0,-55.0,2.5,3.7
-41.0,-55.0,2.5,3.7
-41.0,-55.0,2.5,3.7
-41.0,-55.0,2.5,3.7
-41.0,-55.0,2.5,3.7
-41.0,-55.0,2.5,3.7
-41.0,-55.0,2.5,3.7
-41.0,-55.0,2.5,3.7
-41.0,-55.0,2.5,3.7
-41.0,-55.0,2.5,3.7
-41.0,-55.0,2.5,3.7
-41.0,-55.0,2.5,3.7
-41.0,-55.0,2.5,4.6
-41.0,-55.0,2.5,4.6
-41.0,-55.0,2.5,4.6
-41.0,-55.0,2.5,4.6
-41.0,-55.0,2.5,4.6
-41.0,-55.0,2.5,4.6
-41.0,-55.0,2.5,4.6
-41.0,-55.0,2.5,4.6
-41.0,-55.0,2.5,4.6
-41.0,-55.0,2.5,4.6
-41.0,-55.0,2.5,4.6
-41.0,-55.0,2.5,4.6
-41.0,-55.0,2.5,4.6
-41.0,-55.0,2.5,4.6
-41.0,-55.0,2.5,4.6
-41.0,-55.0,2.5,4.6
-41.0,-55.0,2.5,4.6
-41.0,-55.0,2.5,4.6
-41.0,-55.0,2.5,4.6
-41.0,-55.0,2.5,4.6
-41.0,-55.0,2.5,4.6
-41.0,-55.0,2.5,4.6
-41.0,-55.0,2.5,4.6
-47.0,-48.0,2.5,4.6
-47.0,-42.0,2.5,4.6
-52.0,-43.0,2.5,4.6
-47.0,-43.0,2.5,4.6
-47.0,-43.0,2.5,4.6
-47.0,-43.0,2.5,4.6
-47.0,-43.0,2.5,4.6
-47.0,-43.0,2.5,4.6
-47.0,-43.0,2.5,4.6
-47.0,-43.0,2.5,4.6
-47.0,-43.0,2.5,4.6
-47.0,-43.0,2.5,4.6
-47.0,-43.0,2.5,4.6
-47.0,-43.0,2.5,4.6
-47.0,-43.0,2.5,4.6
-47.0,-43.0,2.5,4.6
-47.0,-43.0,2.5,4.6
-47.0,-43.0,2.5,4.6
-47.0,-43.0,2.5,6.4
-47.0,-43.0,2.5,6.4
-47.0,-43.0,2.5,6.4
-47.0,-43.0,2.5,6.4
-47.0,-43.0,2.5,6.4
-47.0,-43.0,2.5,6.4
-47.0,-43.0,2.5,6.4
-47.0,-43.0,2.5,6.4
-47.0,-43.0,2.5,6.4
-47.0,-43.0,2.5,6.4
-47.0,-43.0,2.5,6.4
-47.0,-43.0,2.5,6.4
-47.0,-43.0,2.5,6.4
-47.0,-43.0,2.5,6.4
-47.0,-43.0,2.5,6.4
-47.0,-43.0,2.5,6.4
-47.0,-43.0,2.5,6.4
-47.0,-43.0,2.5,6.4
-47.0,-43.0,2.5,6.4
-47.0,-43.0,2.5,6.4
-47.0,-43.0,2.5,6.4
-47.0,-43.0,2.5,6.4
-47.0,-43.0,2.5,6.4
-47.0,-43.0,2.5,6.4
-47.0,-43.0,2.5,6.4
-47.0,-43.0,2.5,6.4
-47.0,-43.0,2.5,6.4
-47.0,-43.0,2.5,6.4
-47.0,-43.0,2.5,6.4
-47.0,-43.0,2.5,6.4
-47.0,-43.0,2.5,6.4
-47.0,-43.0,2.5,6.4
-47.0,-43.0,2.5,6.4
-47.0,-43.0,2.5,6.4
-47.0,-43.0,2.5,6.4
-47.0,-43.0,2.5,6.4
-47.0,-43.0,2.5,6.4
-47.0,-43.0,2.5,6.4
-47.0,-43.0,2.5,6.4
-47.0,-43.0,2.5,6.4
-49.0,-46.0,2.5,7.3
-49.0,-43.0,2.5,7.3
-49.0,-43.0,2.5,7.3
-49.0,-43.0,2.5,7.3
-49.0,-43.0,2.5,7.3
-49.0,-43.0,2.5,7.3
-49.0,-43.0,2.5,7.3
-49.0,-43.0,2.5,7.3
-49.0,-43.0,2.5,7.3
-49.0,-43.0,2.5,7.3
-49.0,-43.0,2.5,7.3
-49.0,-43.0,2.5,7.3
-49.0,-43.0,2.5,7.3
-49.0,-43.0,2.5,7.3
-49.0,-43.0,2.5,7.3
-49.0,-43.0,2.5,7.3
-49.0,-43.0,2.5,7.3
-49.0,-43.0,2.5,7.3
-49.0,-43.0,2.5,7.3
-49.0,-43.0,2.5,7.3
-49.0,-43.0,2.5,7.3
-49.0,-43.0,2.5,7.3
-49.0,-43.0,2.5,7.3
-49.0,-43.0,2.5,7.3
-49.0,-43.0,2.5,7.3
-49.0,-43.0,2.5,7.3
-49.0,-43.0,2.5,7.3
-49.0,-43.0,2.5,7.3
-49.0,-43.0,2.5,7.3
-49.0,-43.0,2.5,7.3
-49.0,-43.0,2.5,7.3
-49.0,-43.0,2.5,7.3
-49.0,-43.0,2.5,7.3
-49.0,-43.0,2.5,7.3
-49.0,-43.0,2.5,7.3
-49.0,-43.0,2.5,7.3
-49.0,-43.0,2.5,7.3
-49.0,-43.0,2.5,7.3
-49.0,-43.0,2.5,7.3
-49.0,-43.0,2.5,7.3
-49.0,-43.0,2.5,7.3
-49.0,-43.0,2.5,8.2
-49.0,-43.0,2.5,8.2
-49.0,-43.0,2.5,8.2
-49.0,-43.0,2.5,8.2
-49.0,-43.0,2.5,8.2
-49.0,-43.0,2.5,8.2
-49.0,-43.0,2.5,8.2
-49.0,-43.0,2.5,8.2
-49.0,-43.0,2.5,8.2
-49.0,-43.0,2.5,8.2
-49.0,-43.0,2.5,8.2
-49.0,-43.0,2.5,8.2
-49.0,-43.0,2.5,8.2
-49.0,-43.0,2.5,8.2
-49.0,-43.0,2.5,8.2
-49.0,-43.0,2.5,8.2
-49.0,-43.0,2.5,8.2
-49.0,-43.0,2.5,8.2
-49.0,-43.0,2.5,8.2
-49.0,-43.0,2.5,8.2
-49.0,-43.0,2.5,8.2
-49.0,-43.0,2.5,8.2
-49.0,-43.0,2.5,8.2
-49.0,-43.0,2.5,8.2
-49.0,-43.0,2.5,8.2
-49.0,-43.0,2.5,8.2
-49.0,-43.0,2.5,8.2
-49.0,-43.0,2.5,8.2
-49.0,-43.0,2.5,8.2
-49.0,-43.0,2.5,8.2
-49.0,-43.0,2.5,8.2
-49.0,-43.0,2.5,8.2
-49.0,-43.0,2.5,8.2
-49.0,-43.0,2.5,8.2
-49.0,-43.0,2.5,8.2
-49.0,-43.0,2.5,8.2
-49.0,-43.0,2.5,8.2
-49.0,-43.0,2.5,8.2
-49.0,-43.0,2.5,8.2
-49.0,-43.0,2.5,8.2
-49.0,-43.0,2.5,8.2
-56.0,-31.0,2.5,9.1
-56.0,-31.0,2.5,9.1
-56.0,-31.0,2.5,9.1
-56.0,-31.0,2.5,9.1
-56.0,-31.0,2.5,9.1
-56.0,-31.0,2.5,9.1
-56.0,-31.0,2.5,9.1
-56.0,-31.0,2.5,9.1
-56.0,-31.0,2.5,9.1
-56.0,-31.0,2.5,9.1
-56.0,-31.0,2.5,9.1
-56.0,-31.0,2.5,9.1
-56.0,-31.0,2.5,9.1
-56.0,-31.0,2.5,9.1
-56.0,-31.0,2.5,9.1
-56.0,-31.0,2.5,9.1
-56.0,-31.0,2.5,9.1
-56.0,-31.0,2.5,9.1
-56.0,-31.0,2.5,9.1
-56.0,-31.0,2.5,9.1
-56.0,-31.0,2.5,9.1
-56.0,-31.0,2.5,9.1
-56.0,-31.0,2.5,9.1
-56.0,-31.0,2.5,9.1
-56.0,-31.0,2.5,9.1
-56.0,-31.0,2.5,9.1
-56.0,-31.0,2.5,9.1
-56.0,-31.0,2.5,9.1
-56.0,-31.0,2.5,9.1
-56.0,-31.0,2.5,9.1
-56.0,-31.0,2.5,9.1
-56.0,-31.0,2.5,9.1
-56.0,-31.0,2.5,9.1
-56.0,-31.0,2.5,9.1
-56.0,-31.0,2.5,9.1
-56.0,-31.0,2.5,9.1
-56.0,-31.0,2.5,9.1
-56.0,-31.0,2.5,9.1
-56.0,-31.0,2.5,9.1
-56.0,-31.0,2.5,9.1
-56.0,-31.0,2.5,9.1
-56.0,-31.0,3.0,1.9
-56.0,-31.0,3.0,1.9
-56.0,-31.0,3.0,1.9
-56.0,-31.0,3.0,1.9
-56.0,-31.0,3.0,1.9
-56.0,-31.0,3.0,1.9
-56.0,-31.0,3.0,1.9
-56.0,-31.0,3.0,1.9
-56.0,-31.0,3.0,1.9
-35.0,-44.0,3.0,1.9
-35.0,-60.0,3.0,1.9
-35.0,-47.0,3.0,1.9
-46.0,-46.0,3.0,1.9
-46.0,-46.0,3.0,1.9
-46.0,-46.0,3.0,1.9
-46.0,-46.0,3.0,1.9
-46.0,-46.0,3.0,1.9
-46.0,-46.0,3.0,1.9
-46.0,-46.0,3.0,1.9
-46.0,-46.0,3.0,1.9
-46.0,-46.0,3.0,1.9
-46.0,-46.0,3.0,1.9
-46.0,-46.0,3.0,1.9
-46.0,-46.0,3.0,1.9
-46.0,-46.0,3.0,1.9
-46.0,-46.0,3.0,1.9
-46.0,-46.0,3.0,1.9
-46.0,-46.0,3.0,1.9
-46.0,-46.0,3.0,1.9
-46.0,-46.0,3.0,1.9
-46.0,-46.0,3.0,1.9
-46.0,-46.0,3.0,1.9
-46.0,-46.0,3.0,1.9
-46.0,-46.0,3.0,1.9
-46.0,-46.0,3.0,1.9
-46.0,-46.0,3.0,1.9
-46.0,-46.0,3.0,1.9
-46.0,-46.0,3.0,1.9
-46.0,-46.0,3.0,1.9
-46.0,-46.0,3.0,1.9
-46.0,-46.0,3.0,1.9
-46.0,-46.0,3.0,2.8
-46.0,-46.0,3.0,2.8
-46.0,-46.0,3.0,2.8
-46.0,-46.0,3.0,2.8
-46.0,-46.0,3.0,2.8
-46.0,-46.0,3.0,2.8
-46.0,-46.0,3.0,2.8
-46.0,-46.0,3.0,2.8
-46.0,-46.0,3.0,2.8
-46.0,-46.0,3.0,2.8
-46.0,-46.0,3.0,2.8
-46.0,-46.0,3.0,2.8
-46.0,-46.0,3.0,2.8
-46.0,-46.0,3.0,2.8
-46.0,-46.0,3.0,2.8
-46.0,-46.0,3.0,2.8
-46.0,-46.0,3.0,2.8
-46.0,-46.0,3.0,2.8
-46.0,-46.0,3.0,2.8
-46.0,-46.0,3.0,2.8
-46.0,-46.0,3.0,2.8
-46.0,-46.0,3.0,2.8
-46.0,-46.0,3.0,2.8
-46.0,-46.0,3.0,2.8
-46.0,-46.0,3.0,2.8
-46.0,-46.0,3.0,2.8
-46.0,-46.0,3.0,2.8
-46.0,-46.0,3.0,2.8
-46.0,-46.0,3.0,2.8
-46.0,-46.0,3.0,2.8
-46.0,-46.0,3.0,2.8
-46.0,-46.0,3.0,2.8
-46.0,-46.0,3.0,2.8
-46.0,-46.0,3.0,2.8
-46.0,-46.0,3.0,2.8
-46.0,-46.0,3.0,2.8
-46.0,-46.0,3.0,2.8
-46.0,-46.0,3.0,2.8
-46.0,-46.0,3.0,2.8
-46.0,-46.0,3.0,2.8
-46.0,-46.0,3.0,2.8
-49.0,-41.0,3.0,3.7
-49.0,-42.0,3.0,3.7
-48.0,-61.0,3.0,3.7
-47.0,-43.0,3.0,3.7
-47.0,-43.0,3.0,3.7
-47.0,-43.0,3.0,3.7
-47.0,-43.0,3.0,3.7
-47.0,-43.0,3.0,3.7
-47.0,-43.0,3.0,3.7
-47.0,-43.0,3.0,3.7
-47.0,-43.0,3.0,3.7
-47.0,-43.0,3.0,3.7
-47.0,-43.0,3.0,3.7
-47.0,-43.0,3.0,3.7
-47.0,-43.0,3.0,3.7
-47.0,-43.0,3.0,3.7
-47.0,-43.0,3.0,3.7
-47.0,-43.0,3.0,3.7
-47.0,-43.0,3.0,3.7
-47.0,-43.0,3.0,3.7
-47.0,-43.0,3.0,3.7
-47.0,-43.0,3.0,3.7
-47.0,-43.0,3.0,3.7
-47.0,-43.0,3.0,3.7
-47.0,-43.0,3.0,3.7
-47.0,-43.0,3.0,3.7
-47.0,-43.0,3.0,3.7
-47.0,-43.0,3.0,3.7
-47.0,-43.0,3.0,3.7
-47.0,-43.0,3.0,3.7
-47.0,-43.0,3.0,3.7
-47.0,-43.0,3.0,3.7
-47.0,-43.0,3.0,3.7
-47.0,-43.0,3.0,3.7
-47.0,-43.0,3.0,3.7
-47.0,-43.0,3.0,3.7
-47.0,-43.0,3.0,3.7
-47.0,-43.0,3.0,3.7
-47.0,-43.0,3.0,3.7
-47.0,-43.0,3.0,3.7
-47.0,-43.0,3.0,3.7
-47.0,-43.0,3.0,4.6
-47.0,-43.0,3.0,4.6
-47.0,-43.0,3.0,4.6
-47.0,-43.0,3.0,4.6
-47.0,-43.0,3.0,4.6
-47.0,-43.0,3.0,4.6
-47.0,-43.0,3.0,4.6
-47.0,-43.0,3.0,4.6
-47.0,-43.0,3.0,4.6
-47.0,-43.0,3.0,4.6
-47.0,-43.0,3.0,4.6
-47.0,-43.0,3.0,4.6
-47.0,-43.0,3.0,4.6
-47.0,-43.0,3.0,4.6
-47.0,-43.0,3.0,4.6
-47.0,-43.0,3.0,4.6
-47.0,-43.0,3.0,4.6
-47.0,-43.0,3.0,4.6
-47.0,-43.0,3.0,4.6
-47.0,-43.0,3.0,4.6
-47.0,-43.0,3.0,4.6
-47.0,-43.0,3.0,4.6
-47.0,-43.0,3.0,4.6
-47.0,-43.0,3.0,4.6
-47.0,-43.0,3.0,4.6
-47.0,-43.0,3.0,4.6
-47.0,-43.0,3.0,4.6
-47.0,-43.0,3.0,4.6
-47.0,-43.0,3.0,4.6
-47.0,-43.0,3.0,4.6
-47.0,-43.0,3.0,4.6
-47.0,-43.0,3.0,4.6
-47.0,-43.0,3.0,4.6
-47.0,-43.0,3.0,4.6
-47.0,-43.0,3.0,4.6
-47.0,-43.0,3.0,4.6
-47.0,-43.0,3.0,4.6
-47.0,-43.0,3.0,4.6
-47.0,-43.0,3.0,4.6
-47.0,-43.0,3.0,4.6
-47.0,-43.0,3.0,4.6
-43.0,-57.0,3.0,6.4
-43.0,-57.0,3.0,6.4
-43.0,-57.0,3.0,6.4
-43.0,-57.0,3.0,6.4
-43.0,-57.0,3.0,6.4
-43.0,-57.0,3.0,6.4
-43.0,-57.0,3.0,6.4
-43.0,-57.0,3.0,6.4
-43.0,-57.0,3.0,6.4
-43.0,-57.0,3.0,6.4
-43.0,-57.0,3.0,6.4
-43.0,-57.0,3.0,6.4
-43.0,-57.0,3.0,6.4
-43.0,-57.0,3.0,6.4
-43.0,-57.0,3.0,6.4
-43.0,-57.0,3.0,6.4
-43.0,-57.0,3.0,6.4
-43.0,-57.0,3.0,6.4
-43.0,-57.0,3.0,6.4
-43.0,-57.0,3.0,6.4
-43.0,-57.0,3.0,6.4
-43.0,-57.0,3.0,6.4
-43.0,-57.0,3.0,6.4
-43.0,-57.0,3.0,6.4
-43.0,-57.0,3.0,6.4
-43.0,-57.0,3.0,6.4
-43.0,-57.0,3.0,6.4
-43.0,-57.0,3.0,6.4
-43.0,-57.0,3.0,6.4
-43.0,-57.0,3.0,6.4
-43.0,-57.0,3.0,6.4
-43.0,-57.0,3.0,6.4
-43.0,-57.0,3.0,6.4
-43.0,-57.0,3.0,6.4
-43.0,-57.0,3.0,6.4
-43.0,-57.0,3.0,6.4
-43.0,-57.0,3.0,6.4
-43.0,-57.0,3.0,6.4
-43.0,-57.0,3.0,6.4
-43.0,-57.0,3.0,6.4
-43.0,-57.0,3.0,6.4
-43.0,-57.0,3.0,7.3
-43.0,-57.0,3.0,7.3
-43.0,-57.0,3.0,7.3
-43.0,-57.0,3.0,7.3
-43.0,-57.0,3.0,7.3
-43.0,-57.0,3.0,7.3
-43.0,-57.0,3.0,7.3
-43.0,-57.0,3.0,7.3
-43.0,-57.0,3.0,7.3
-43.0,-57.0,3.0,7.3
-43.0,-57.0,3.0,7.3
-43.0,-57.0,3.0,7.3
-43.0,-57.0,3.0,7.3
-43.0,-57.0,3.0,7.3
-43.0,-57.0,3.0,7.3
-43.0,-57.0,3.0,7.3
-43.0,-57.0,3.0,7.3
-43.0,-57.0,3.0,7.3
-43.0,-57.0,3.0,7.3
-43.0,-57.0,3.0,7.3
-43.0,-57.0,3.0,7.3
-43.0,-57.0,3.0,7.3
-43.0,-57.0,3.0,7.3
-43.0,-57.0,3.0,7.3
-43.0,-57.0,3.0,7.3
-43.0,-57.0,3.0,7.3
-43.0,-57.0,3.0,7.3
-43.0,-57.0,3.0,7.3
-43.0,-57.0,3.0,7.3
-43.0,-57.0,3.0,7.3
-43.0,-57.0,3.0,7.3
-43.0,-57.0,3.0,7.3
-43.0,-57.0,3.0,7.3
-43.0,-57.0,3.0,7.3
-43.0,-57.0,3.0,7.3
-43.0,-57.0,3.0,7.3
-43.0,-57.0,3.0,7.3
-43.0,-57.0,3.0,7.3
-43.0,-57.0,3.0,7.3
-43.0,-57.0,3.0,7.3
-43.0,-57.0,3.0,7.3
-43.0,-40.0,3.0,8.2
-43.0,-40.0,3.0,8.2
-43.0,-40.0,3.0,8.2
-43.0,-40.0,3.0,8.2
-43.0,-40.0,3.0,8.2
-43.0,-40.0,3.0,8.2
-43.0,-40.0,3.0,8.2
-43.0,-40.0,3.0,8.2
-43.0,-40.0,3.0,8.2
-43.0,-40.0,3.0,8.2
-43.0,-40.0,3.0,8.2
-43.0,-40.0,3.0,8.2
-43.0,-40.0,3.0,8.2
-43.0,-40.0,3.0,8.2
-43.0,-40.0,3.0,8.2
-43.0,-40.0,3.0,8.2
-43.0,-40.0,3.0,8.2
-43.0,-40.0,3.0,8.2
-43.0,-40.0,3.0,8.2
-43.0,-40.0,3.0,8.2
-43.0,-40.0,3.0,8.2
-43.0,-40.0,3.0,8.2
-43.0,-40.0,3.0,8.2
-43.0,-40.0,3.0,8.2
-43.0,-40.0,3.0,8.2
-43.0,-40.0,3.0,8.2
-43.0,-40.0,3.0,8.2
-43.0,-40.0,3.0,8.2
-43.0,-40.0,3.0,8.2
-43.0,-40.0,3.0,8.2
-43.0,-40.0,3.0,8.2
-43.0,-40.0,3.0,8.2
-43.0,-40.0,3.0,8.2
-43.0,-40.0,3.0,8.2
-43.0,-40.0,3.0,8.2
-43.0,-40.0,3.0,8.2
-43.0,-40.0,3.0,8.2
-43.0,-40.0,3.0,8.2
-43.0,-40.0,3.0,8.2
-43.0,-40.0,3.0,8.2
-43.0,-40.0,3.0,8.2
-43.0,-40.0,3.0,9.1
-43.0,-40.0,3.0,9.1
-43.0,-40.0,3.0,9.1
-43.0,-40.0,3.0,9.1
-43.0,-40.0,3.0,9.1
-43.0,-40.0,3.0,9.1
-43.0,-40.0,3.0,9.1
-43.0,-40.0,3.0,9.1
-43.0,-40.0,3.0,9.1
-43.0,-40.0,3.0,9.1
-43.0,-40.0,3.0,9.1
-43.0,-40.0,3.0,9.1
-43.0,-40.0,3.0,9.1
-43.0,-40.0,3.0,9.1
-43.0,-40.0,3.0,9.1
-43.0,-40.0,3.0,9.1
-43.0,-40.0,3.0,9.1
-43.0,-40.0,3.0,9.1
-43.0,-40.0,3.0,9.1
-43.0,-40.0,3.0,9.1
-43.0,-40.0,3.0,9.1
-43.0,-40.0,3.0,9.1
-43.0,-40.0,3.0,9.1
-43.0,-40.0,3.0,9.1
-43.0,-40.0,3.0,9.1
-43.0,-40.0,3.0,9.1
-43.0,-40.0,3.0,9.1
-43.0,-40.0,3.0,9.1
-43.0,-40.0,3.0,9.1
-43.0,-40.0,3.0,9.1
-43.0,-40.0,3.0,9.1
-43.0,-40.0,3.0,9.1
-43.0,-40.0,3.0,9.1
-43.0,-40.0,3.0,9.1
-43.0,-40.0,3.0,9.1
-43.0,-40.0,3.0,9.1
-43.0,-40.0,3.0,9.1
-52.0,-35.0,3.0,9.1
-47.0,-34.0,3.0,9.1
-46.0,-34.0,3.0,9.1
-46.0,-35.0,3.0,9.1
-43.0,-37.0,3.5,1.9
-43.0,-37.0,3.5,1.9
-43.0,-37.0,3.5,1.9
-43.0,-37.0,3.5,1.9
-43.0,-37.0,3.5,1.9
-43.0,-37.0,3.5,1.9
-43.0,-37.0,3.5,1.9
-43.0,-37.0,3.5,1.9
-43.0,-37.0,3.5,1.9
-43.0,-37.0,3.5,1.9
-43.0,-37.0,3.5,1.9
-43.0,-37.0,3.5,1.9
-43.0,-37.0,3.5,1.9
-43.0,-37.0,3.5,1.9
-43.0,-37.0,3.5,1.9
-43.0,-37.0,3.5,1.9
-43.0,-37.0,3.5,1.9
-43.0,-37.0,3.5,1.9
-43.0,-37.0,3.5,1.9
-43.0,-37.0,3.5,1.9
-43.0,-37.0,3.5,1.9
-43.0,-37.0,3.5,1.9
-43.0,-37.0,3.5,1.9
-43.0,-37.0,3.5,1.9
-43.0,-37.0,3.5,1.9
-43.0,-37.0,3.5,1.9
-43.0,-37.0,3.5,1.9
-43.0,-37.0,3.5,1.9
-43.0,-37.0,3.5,1.9
-43.0,-37.0,3.5,1.9
-43.0,-37.0,3.5,1.9
-43.0,-37.0,3.5,1.9
-43.0,-37.0,3.5,1.9
-43.0,-37.0,3.5,1.9
-43.0,-37.0,3.5,1.9
-43.0,-37.0,3.5,1.9
-43.0,-37.0,3.5,1.9
-43.0,-37.0,3.5,1.9
-43.0,-37.0,3.5,1.9
-43.0,-44.0,3.5,1.9
-43.0,-44.0,3.5,2.8
-43.0,-44.0,3.5,2.8
-43.0,-44.0,3.5,2.8
-43.0,-44.0,3.5,2.8
-43.0,-44.0,3.5,2.8
-43.0,-44.0,3.5,2.8
-43.0,-44.0,3.5,2.8
-43.0,-44.0,3.5,2.8
-43.0,-44.0,3.5,2.8
-43.0,-44.0,3.5,2.8
-43.0,-44.0,3.5,2.8
-43.0,-44.0,3.5,2.8
-43.0,-44.0,3.5,2.8
-43.0,-44.0,3.5,2.8
-43.0,-44.0,3.5,2.8
-43.0,-44.0,3.5,2.8
-43.0,-44.0,3.5,2.8
-43.0,-44.0,3.5,2.8
-43.0,-44.0,3.5,2.8
-43.0,-44.0,3.5,2.8
-43.0,-44.0,3.5,2.8
-43.0,-44.0,3.5,2.8
-43.0,-44.0,3.5,2.8
-43.0,-44.0,3.5,2.8
-43.0,-44.0,3.5,2.8
-43.0,-44.0,3.5,2.8
-43.0,-44.0,3.5,2.8
-43.0,-44.0,3.5,2.8
-43.0,-44.0,3.5,2.8
-43.0,-44.0,3.5,2.8
-43.0,-44.0,3.5,2.8
-43.0,-44.0,3.5,2.8
-43.0,-44.0,3.5,2.8
-43.0,-44.0,3.5,2.8
-43.0,-44.0,3.5,2.8
-43.0,-44.0,3.5,2.8
-43.0,-44.0,3.5,2.8
-43.0,-44.0,3.5,2.8
-43.0,-44.0,3.5,2.8
-43.0,-44.0,3.5,2.8
-43.0,-44.0,3.5,2.8
-43.0,-44.0,3.5,3.7
-43.0,-44.0,3.5,3.7
-43.0,-44.0,3.5,3.7
-43.0,-44.0,3.5,3.7
-43.0,-44.0,3.5,3.7
-43.0,-44.0,3.5,3.7
-43.0,-44.0,3.5,3.7
-43.0,-44.0,3.5,3.7
-43.0,-44.0,3.5,3.7
-46.0,-42.0,3.5,3.7
-47.0,-42.0,3.5,3.7
-56.0,-43.0,3.5,3.7
-82.0,-42.0,3.5,3.7
-82.0,-42.0,3.5,3.7
-82.0,-42.0,3.5,3.7
-82.0,-42.0,3.5,3.7
-82.0,-42.0,3.5,3.7
-82.0,-42.0,3.5,3.7
-82.0,-42.0,3.5,3.7
-82.0,-42.0,3.5,3.7
-82.0,-42.0,3.5,3.7
-82.0,-42.0,3.5,3.7
-82.0,-42.0,3.5,3.7
-82.0,-42.0,3.5,3.7
-82.0,-42.0,3.5,3.7
-82.0,-42.0,3.5,3.7
-82.0,-42.0,3.5,3.7
-82.0,-42.0,3.5,3.7
-82.0,-42.0,3.5,3.7
-82.0,-42.0,3.5,3.7
-82.0,-42.0,3.5,3.7
-82.0,-42.0,3.5,3.7
-82.0,-42.0,3.5,3.7
-82.0,-42.0,3.5,3.7
-82.0,-42.0,3.5,3.7
-82.0,-42.0,3.5,3.7
-82.0,-42.0,3.5,3.7
-82.0,-42.0,3.5,3.7
-82.0,-42.0,3.5,3.7
-82.0,-42.0,3.5,3.7
-82.0,-42.0,3.5,3.7
-82.0,-42.0,3.5,4.6
-82.0,-42.0,3.5,4.6
-82.0,-42.0,3.5,4.6
-82.0,-42.0,3.5,4.6
-82.0,-42.0,3.5,4.6
-82.0,-42.0,3.5,4.6
-82.0,-42.0,3.5,4.6
-82.0,-42.0,3.5,4.6
-82.0,-42.0,3.5,4.6
-82.0,-42.0,3.5,4.6
-82.0,-42.0,3.5,4.6
-82.0,-42.0,3.5,4.6
-82.0,-42.0,3.5,4.6
-82.0,-42.0,3.5,4.6
-82.0,-42.0,3.5,4.6
-82.0,-42.0,3.5,4.6
-82.0,-42.0,3.5,4.6
-82.0,-42.0,3.5,4.6
-82.0,-42.0,3.5,4.6
-82.0,-42.0,3.5,4.6
-82.0,-42.0,3.5,4.6
-82.0,-42.0,3.5,4.6
-82.0,-42.0,3.5,4.6
-82.0,-42.0,3.5,4.6
-82.0,-42.0,3.5,4.6
-82.0,-42.0,3.5,4.6
-82.0,-42.0,3.5,4.6
-82.0,-42.0,3.5,4.6
-82.0,-42.0,3.5,4.6
-82.0,-42.0,3.5,4.6
-82.0,-42.0,3.5,4.6
-82.0,-42.0,3.5,4.6
-82.0,-42.0,3.5,4.6
-82.0,-42.0,3.5,4.6
-82.0,-42.0,3.5,4.6
-82.0,-42.0,3.5,4.6
-82.0,-42.0,3.5,4.6
-82.0,-42.0,3.5,4.6
-82.0,-42.0,3.5,4.6
-82.0,-42.0,3.5,4.6
-82.0,-42.0,3.5,4.6
-50.0,-39.0,3.5,6.4
-50.0,-39.0,3.5,6.4
-50.0,-39.0,3.5,6.4
-50.0,-39.0,3.5,6.4
-50.0,-39.0,3.5,6.4
-50.0,-39.0,3.5,6.4
-50.0,-39.0,3.5,6.4
-50.0,-39.0,3.5,6.4
-50.0,-39.0,3.5,6.4
-50.0,-39.0,3.5,6.4
-50.0,-39.0,3.5,6.4
-50.0,-39.0,3.5,6.4
-50.0,-39.0,3.5,6.4
-50.0,-39.0,3.5,6.4
-50.0,-39.0,3.5,6.4
-50.0,-39.0,3.5,6.4
-50.0,-39.0,3.5,6.4
-50.0,-39.0,3.5,6.4
-50.0,-39.0,3.5,6.4
-50.0,-39.0,3.5,6.4
-50.0,-39.0,3.5,6.4
-50.0,-39.0,3.5,6.4
-50.0,-39.0,3.5,6.4
-50.0,-39.0,3.5,6.4
-50.0,-39.0,3.5,6.4
-50.0,-39.0,3.5,6.4
-50.0,-39.0,3.5,6.4
-50.0,-39.0,3.5,6.4
-50.0,-39.0,3.5,6.4
-50.0,-39.0,3.5,6.4
-50.0,-39.0,3.5,6.4
-50.0,-39.0,3.5,6.4
-50.0,-39.0,3.5,6.4
-50.0,-39.0,3.5,6.4
-50.0,-39.0,3.5,6.4
-50.0,-39.0,3.5,6.4
-50.0,-39.0,3.5,6.4
-50.0,-39.0,3.5,6.4
-50.0,-39.0,3.5,6.4
-50.0,-39.0,3.5,6.4
-50.0,-39.0,3.5,6.4
-50.0,-39.0,3.5,7.3
-50.0,-39.0,3.5,7.3
-50.0,-39.0,3.5,7.3
-50.0,-39.0,3.5,7.3
-50.0,-39.0,3.5,7.3
-50.0,-39.0,3.5,7.3
-50.0,-39.0,3.5,7.3
-50.0,-39.0,3.5,7.3
-50.0,-39.0,3.5,7.3
-50.0,-39.0,3.5,7.3
-50.0,-39.0,3.5,7.3
-50.0,-39.0,3.5,7.3
-50.0,-39.0,3.5,7.3
-50.0,-39.0,3.5,7.3
-50.0,-39.0,3.5,7.3
-50.0,-39.0,3.5,7.3
-50.0,-39.0,3.5,7.3
-50.0,-39.0,3.5,7.3
-50.0,-39.0,3.5,7.3
-50.0,-39.0,3.5,7.3
-50.0,-39.0,3.5,7.3
-50.0,-39.0,3.5,7.3
-50.0,-39.0,3.5,7.3
-50.0,-39.0,3.5,7.3
-50.0,-39.0,3.5,7.3
-50.0,-39.0,3.5,7.3
-50.0,-39.0,3.5,7.3
-50.0,-39.0,3.5,7.3
-50.0,-39.0,3.5,7.3
-50.0,-39.0,3.5,7.3
-50.0,-39.0,3.5,7.3
-50.0,-39.0,3.5,7.3
-50.0,-39.0,3.5,7.3
-50.0,-39.0,3.5,7.3
-50.0,-39.0,3.5,7.3
-50.0,-39.0,3.5,7.3
-50.0,-39.0,3.5,7.3
-50.0,-39.0,3.5,7.3
-50.0,-39.0,3.5,7.3
-50.0,-39.0,3.5,7.3
-50.0,-39.0,3.5,7.3
-45.0,-40.0,3.5,8.2
-45.0,-40.0,3.5,8.2
-45.0,-40.0,3.5,8.2
-45.0,-40.0,3.5,8.2
-45.0,-40.0,3.5,8.2
-45.0,-40.0,3.5,8.2
-45.0,-40.0,3.5,8.2
-45.0,-40.0,3.5,8.2
-45.0,-40.0,3.5,8.2
-45.0,-40.0,3.5,8.2
-45.0,-40.0,3.5,8.2
-45.0,-40.0,3.5,8.2
-45.0,-40.0,3.5,8.2
-45.0,-40.0,3.5,8.2
-45.0,-40.0,3.5,8.2
-45.0,-40.0,3.5,8.2
-45.0,-40.0,3.5,8.2
-45.0,-40.0,3.5,8.2
-45.0,-40.0,3.5,8.2
-45.0,-40.0,3.5,8.2
-45.0,-40.0,3.5,8.2
-45.0,-40.0,3.5,8.2
-45.0,-40.0,3.5,8.2
-45.0,-40.0,3.5,8.2
-45.0,-40.0,3.5,8.2
-45.0,-40.0,3.5,8.2
-45.0,-40.0,3.5,8.2
-45.0,-40.0,3.5,8.2
-45.0,-40.0,3.5,8.2
-45.0,-40.0,3.5,8.2
-45.0,-40.0,3.5,8.2
-45.0,-40.0,3.5,8.2
-45.0,-40.0,3.5,8.2
-45.0,-40.0,3.5,8.2
-45.0,-40.0,3.5,8.2
-45.0,-40.0,3.5,8.2
-45.0,-40.0,3.5,8.2
-45.0,-40.0,3.5,8.2
-45.0,-40.0,3.5,8.2
-45.0,-40.0,3.5,8.2
-45.0,-40.0,3.5,8.2
-45.0,-40.0,3.5,9.1
-45.0,-40.0,3.5,9.1
-45.0,-40.0,3.5,9.1
-45.0,-40.0,3.5,9.1
-45.0,-40.0,3.5,9.1
-45.0,-40.0,3.5,9.1
-45.0,-40.0,3.5,9.1
-45.0,-40.0,3.5,9.1
-45.0,-40.0,3.5,9.1
-45.0,-40.0,3.5,9.1
-45.0,-40.0,3.5,9.1
-45.0,-40.0,3.5,9.1
-45.0,-40.0,3.5,9.1
-45.0,-40.0,3.5,9.1
-45.0,-40.0,3.5,9.1
-45.0,-40.0,3.5,9.1
-45.0,-40.0,3.5,9.1
-45.0,-40.0,3.5,9.1
-45.0,-40.0,3.5,9.1
-45.0,-40.0,3.5,9.1
-45.0,-40.0,3.5,9.1
-45.0,-40.0,3.5,9.1
-45.0,-40.0,3.5,9.1
-45.0,-40.0,3.5,9.1
-45.0,-40.0,3.5,9.1
-45.0,-40.0,3.5,9.1
-45.0,-40.0,3.5,9.1
-45.0,-40.0,3.5,9.1
-45.0,-40.0,3.5,9.1
-45.0,-40.0,3.5,9.1
-45.0,-40.0,3.5,9.1
-45.0,-40.0,3.5,9.1
-45.0,-40.0,3.5,9.1
-47.0,-39.0,3.5,9.1
-46.0,-40.0,3.5,9.1
-49.0,-40.0,3.5,9.1
-50.0,-41.0,3.5,9.1
-50.0,-41.0,3.5,9.1
-50.0,-41.0,3.5,9.1
-50.0,-41.0,3.5,9.1
-50.0,-41.0,3.5,9.1
-50.0,-41.0,4.0,1.9
-50.0,-41.0,4.0,1.9
-50.0,-41.0,4.0,1.9
-50.0,-41.0,4.0,1.9
-50.0,-41.0,4.0,1.9
-50.0,-41.0,4.0,1.9
-50.0,-41.0,4.0,1.9
-50.0,-41.0,4.0,1.9
-50.0,-41.0,4.0,1.9
-50.0,-41.0,4.0,1.9
-50.0,-41.0,4.0,1.9
-50.0,-41.0,4.0,1.9
-50.0,-41.0,4.0,1.9
-50.0,-41.0,4.0,1.9
-50.0,-41.0,4.0,1.9
-50.0,-41.0,4.0,1.9
-50.0,-41.0,4.0,1.9
-50.0,-41.0,4.0,1.9
-50.0,-41.0,4.0,1.9
-50.0,-41.0,4.0,1.9
-50.0,-41.0,4.0,1.9
-50.0,-41.0,4.0,1.9
-50.0,-41.0,4.0,1.9
-50.0,-41.0,4.0,1.9
-50.0,-41.0,4.0,1.9
-50.0,-41.0,4.0,1.9
-50.0,-41.0,4.0,1.9
-50.0,-41.0,4.0,1.9
-50.0,-41.0,4.0,1.9
-50.0,-41.0,4.0,1.9
-50.0,-41.0,4.0,1.9
-50.0,-41.0,4.0,1.9
-50.0,-41.0,4.0,1.9
-50.0,-41.0,4.0,1.9
-50.0,-41.0,4.0,1.9
-50.0,-41.0,4.0,1.9
-50.0,-41.0,4.0,1.9
-50.0,-41.0,4.0,1.9
-50.0,-41.0,4.0,1.9
-50.0,-41.0,4.0,1.9
-50.0,-41.0,4.0,1.9
-45.0,-46.0,4.0,2.8
-45.0,-46.0,4.0,2.8
-45.0,-46.0,4.0,2.8
-45.0,-46.0,4.0,2.8
-45.0,-46.0,4.0,2.8
-45.0,-46.0,4.0,2.8
-45.0,-46.0,4.0,2.8
-45.0,-46.0,4.0,2.8
-45.0,-46.0,4.0,2.8
-45.0,-46.0,4.0,2.8
-45.0,-46.0,4.0,2.8
-45.0,-46.0,4.0,2.8
-45.0,-46.0,4.0,2.8
-45.0,-46.0,4.0,2.8
-45.0,-46.0,4.0,2.8
-45.0,-46.0,4.0,2.8
-45.0,-46.0,4.0,2.8
-45.0,-46.0,4.0,2.8
-45.0,-46.0,4.0,2.8
-45.0,-46.0,4.0,2.8
-45.0,-46.0,4.0,2.8
-45.0,-46.0,4.0,2.8
-45.0,-46.0,4.0,2.8
-45.0,-46.0,4.0,2.8
-45.0,-46.0,4.0,2.8
-45.0,-46.0,4.0,2.8
-45.0,-46.0,4.0,2.8
-45.0,-46.0,4.0,2.8
-45.0,-46.0,4.0,2.8
-45.0,-46.0,4.0,2.8
-45.0,-46.0,4.0,2.8
-45.0,-46.0,4.0,2.8
-45.0,-46.0,4.0,2.8
-45.0,-46.0,4.0,2.8
-45.0,-46.0,4.0,2.8
-45.0,-46.0,4.0,2.8
-45.0,-46.0,4.0,2.8
-45.0,-46.0,4.0,2.8
-45.0,-46.0,4.0,2.8
-45.0,-46.0,4.0,2.8
-45.0,-46.0,4.0,2.8
-45.0,-46.0,4.0,3.7
-45.0,-46.0,4.0,3.7
-45.0,-46.0,4.0,3.7
-45.0,-46.0,4.0,3.7
-45.0,-46.0,4.0,3.7
-45.0,-46.0,4.0,3.7
-45.0,-46.0,4.0,3.7
-45.0,-46.0,4.0,3.7
-45.0,-46.0,4.0,3.7
-45.0,-46.0,4.0,3.7
-45.0,-46.0,4.0,3.7
-45.0,-46.0,4.0,3.7
-45.0,-46.0,4.0,3.7
-45.0,-46.0,4.0,3.7
-45.0,-46.0,4.0,3.7
-45.0,-46.0,4.0,3.7
-45.0,-46.0,4.0,3.7
-45.0,-46.0,4.0,3.7
-45.0,-46.0,4.0,3.7
-45.0,-46.0,4.0,3.7
-45.0,-46.0,4.0,3.7
-45.0,-46.0,4.0,3.7
-45.0,-46.0,4.0,3.7
-45.0,-46.0,4.0,3.7
-45.0,-46.0,4.0,3.7
-45.0,-46.0,4.0,3.7
-45.0,-46.0,4.0,3.7
-45.0,-46.0,4.0,3.7
-45.0,-46.0,4.0,3.7
-45.0,-46.0,4.0,3.7
-45.0,-46.0,4.0,3.7
-45.0,-46.0,4.0,3.7
-45.0,-46.0,4.0,3.7
-45.0,-46.0,4.0,3.7
-45.0,-46.0,4.0,3.7
-45.0,-46.0,4.0,3.7
-45.0,-46.0,4.0,3.7
-45.0,-46.0,4.0,3.7
-45.0,-46.0,4.0,3.7
-45.0,-46.0,4.0,3.7
-45.0,-46.0,4.0,3.7
-48.0,-44.0,4.0,4.6
-48.0,-44.0,4.0,4.6
-48.0,-44.0,4.0,4.6
-48.0,-44.0,4.0,4.6
-48.0,-44.0,4.0,4.6
-48.0,-44.0,4.0,4.6
-48.0,-44.0,4.0,4.6
-48.0,-44.0,4.0,4.6
-48.0,-44.0,4.0,4.6
-48.0,-44.0,4.0,4.6
-48.0,-44.0,4.0,4.6
-48.0,-44.0,4.0,4.6
-48.0,-44.0,4.0,4.6
-48.0,-44.0,4.0,4.6
-48.0,-44.0,4.0,4.6
-48.0,-44.0,4.0,4.6
-48.0,-44.0,4.0,4.6
-48.0,-44.0,4.0,4.6
-48.0,-44.0,4.0,4.6
-48.0,-44.0,4.0,4.6
-48.0,-44.0,4.0,4.6
-48.0,-44.0,4.0,4.6
-48.0,-44.0,4.0,4.6
-48.0,-44.0,4.0,4.6
-48.0,-44.0,4.0,4.6
-48.0,-44.0,4.0,4.6
-48.0,-44.0,4.0,4.6
-48.0,-44.0,4.0,4.6
-48.0,-44.0,4.0,4.6
-48.0,-44.0,4.0,4.6
-48.0,-44.0,4.0,4.6
-48.0,-44.0,4.0,4.6
-48.0,-44.0,4.0,4.6
-48.0,-44.0,4.0,4.6
-48.0,-44.0,4.0,4.6
-48.0,-44.0,4.0,4.6
-48.0,-44.0,4.0,4.6
-48.0,-44.0,4.0,4.6
-48.0,-44.0,4.0,4.6
-48.0,-44.0,4.0,4.6
-48.0,-44.0,4.0,4.6
-48.0,-44.0,4.0,6.4
-48.0,-44.0,4.0,6.4
-48.0,-44.0,4.0,6.4
-48.0,-44.0,4.0,6.4
-48.0,-44.0,4.0,6.4
-48.0,-44.0,4.0,6.4
-48.0,-44.0,4.0,6.4
-48.0,-44.0,4.0,6.4
-48.0,-44.0,4.0,6.4
-48.0,-44.0,4.0,6.4
-48.0,-44.0,4.0,6.4
-48.0,-44.0,4.0,6.4
-48.0,-44.0,4.0,6.4
-48.0,-44.0,4.0,6.4
-48.0,-44.0,4.0,6.4
-48.0,-44.0,4.0,6.4
-48.0,-44.0,4.0,6.4
-48.0,-44.0,4.0,6.4
-49.0,-37.0,4.0,6.4
-46.0,-38.0,4.0,6.4
-47.0,-40.0,4.0,6.4
-48.0,-37.0,4.0,6.4
-48.0,-37.0,4.0,6.4
-48.0,-37.0,4.0,6.4
-48.0,-37.0,4.0,6.4
-48.0,-37.0,4.0,6.4
-48.0,-37.0,4.0,6.4
-48.0,-37.0,4.0,6.4
-48.0,-37.0,4.0,6.4
-48.0,-37.0,4.0,6.4
-48.0,-37.0,4.0,6.4
-48.0,-37.0,4.0,6.4
-48.0,-37.0,4.0,6.4
-48.0,-37.0,4.0,6.4
-48.0,-37.0,4.0,6.4
-48.0,-37.0,4.0,6.4
-48.0,-37.0,4.0,6.4
-48.0,-37.0,4.0,6.4
-48.0,-37.0,4.0,6.4
-48.0,-37.0,4.0,6.4
-48.0,-37.0,4.0,6.4
-48.0,-37.0,4.0,7.3
-48.0,-37.0,4.0,7.3
-48.0,-37.0,4.0,7.3
-48.0,-37.0,4.0,7.3
-48.0,-37.0,4.0,7.3
-48.0,-37.0,4.0,7.3
-48.0,-37.0,4.0,7.3
-48.0,-37.0,4.0,7.3
-48.0,-37.0,4.0,7.3
-48.0,-37.0,4.0,7.3
-48.0,-37.0,4.0,7.3
-48.0,-37.0,4.0,7.3
-48.0,-37.0,4.0,7.3
-48.0,-37.0,4.0,7.3
-48.0,-37.0,4.0,7.3
-48.0,-37.0,4.0,7.3
-48.0,-37.0,4.0,7.3
-48.0,-37.0,4.0,7.3
-48.0,-37.0,4.0,7.3
-48.0,-37.0,4.0,7.3
-48.0,-37.0,4.0,7.3
-48.0,-37.0,4.0,7.3
-48.0,-37.0,4.0,7.3
-48.0,-37.0,4.0,7.3
-48.0,-37.0,4.0,7.3
-48.0,-37.0,4.0,7.3
-48.0,-37.0,4.0,7.3
-48.0,-37.0,4.0,7.3
-48.0,-37.0,4.0,7.3
-48.0,-37.0,4.0,7.3
-48.0,-37.0,4.0,7.3
-48.0,-37.0,4.0,7.3
-48.0,-37.0,4.0,7.3
-48.0,-37.0,4.0,7.3
-48.0,-37.0,4.0,7.3
-48.0,-37.0,4.0,7.3
-48.0,-37.0,4.0,7.3
-48.0,-37.0,4.0,7.3
-48.0,-37.0,4.0,7.3
-48.0,-37.0,4.0,7.3
-48.0,-37.0,4.0,7.3
-48.0,-37.0,4.0,8.2
-48.0,-37.0,4.0,8.2
-48.0,-37.0,4.0,8.2
-48.0,-37.0,4.0,8.2
-48.0,-37.0,4.0,8.2
-42.0,-46.0,4.0,8.2
-41.0,-47.0,4.0,8.2
-39.0,-46.0,4.0,8.2
-42.0,-48.0,4.0,8.2
-42.0,-48.0,4.0,8.2
-42.0,-48.0,4.0,8.2
-42.0,-48.0,4.0,8.2
-42.0,-48.0,4.0,8.2
-42.0,-48.0,4.0,8.2
-42.0,-48.0,4.0,8.2
-42.0,-48.0,4.0,8.2
-42.0,-48.0,4.0,8.2
-42.0,-48.0,4.0,8.2
-42.0,-48.0,4.0,8.2
-42.0,-48.0,4.0,8.2
-42.0,-48.0,4.0,8.2
-42.0,-48.0,4.0,8.2
-42.0,-48.0,4.0,8.2
-42.0,-48.0,4.0,8.2
-42.0,-48.0,4.0,8.2
-42.0,-48.0,4.0,8.2
-42.0,-48.0,4.0,8.2
-42.0,-48.0,4.0,8.2
-42.0,-48.0,4.0,8.2
-42.0,-48.0,4.0,8.2
-42.0,-48.0,4.0,8.2
-42.0,-48.0,4.0,8.2
-42.0,-48.0,4.0,8.2
-42.0,-48.0,4.0,8.2
-42.0,-48.0,4.0,8.2
-42.0,-48.0,4.0,8.2
-42.0,-48.0,4.0,8.2
-42.0,-48.0,4.0,8.2
-42.0,-48.0,4.0,8.2
-42.0,-48.0,4.0,8.2
-42.0,-48.0,4.0,8.2
-42.0,-48.0,4.0,9.1
-42.0,-48.0,4.0,9.1
-42.0,-48.0,4.0,9.1
-42.0,-48.0,4.0,9.1
-42.0,-48.0,4.0,9.1
-42.0,-48.0,4.0,9.1
-42.0,-48.0,4.0,9.1
-42.0,-48.0,4.0,9.1
-42.0,-48.0,4.0,9.1
-42.0,-48.0,4.0,9.1
-42.0,-48.0,4.0,9.1
-42.0,-48.0,4.0,9.1
-42.0,-48.0,4.0,9.1
-42.0,-48.0,4.0,9.1
-42.0,-48.0,4.0,9.1
-42.0,-48.0,4.0,9.1
-42.0,-48.0,4.0,9.1
-42.0,-48.0,4.0,9.1
-42.0,-48.0,4.0,9.1
-42.0,-48.0,4.0,9.1
-42.0,-48.0,4.0,9.1
-42.0,-48.0,4.0,9.1
-42.0,-48.0,4.0,9.1
-42.0,-48.0,4.0,9.1
-42.0,-48.0,4.0,9.1
-42.0,-48.0,4.0,9.1
-42.0,-48.0,4.0,9.1
-42.0,-48.0,4.0,9.1
-42.0,-48.0,4.0,9.1
-42.0,-48.0,4.0,9.1
-42.0,-48.0,4.0,9.1
-42.0,-48.0,4.0,9.1
-42.0,-48.0,4.0,9.1
-42.0,-48.0,4.0,9.1
-42.0,-48.0,4.0,9.1
-42.0,-48.0,4.0,9.1
-42.0,-48.0,4.0,9.1
-42.0,-48.0,4.0,9.1
-42.0,-48.0,4.0,9.1
-42.0,-48.0,4.0,9.1
-42.0,-48.0,4.0,9.1
-45.0,-50.0,4.75,1.9
-45.0,-50.0,4.75,1.9
-45.0,-50.0,4.75,1.9
-45.0,-50.0,4.75,1.9
-45.0,-50.0,4.75,1.9
-45.0,-50.0,4.75,1.9
-45.0,-50.0,4.75,1.9
-45.0,-50.0,4.75,1.9
-45.0,-50.0,4.75,1.9
-45.0,-50.0,4.75,1.9
-45.0,-50.0,4.75,1.9
-45.0,-50.0,4.75,1.9
-45.0,-50.0,4.75,1.9
-45.0,-50.0,4.75,1.9
-45.0,-50.0,4.75,1.9
-45.0,-50.0,4.75,1.9
-45.0,-50.0,4.75,1.9
-45.0,-50.0,4.75,1.9
-45.0,-50.0,4.75,1.9
-45.0,-50.0,4.75,1.9
-45.0,-50.0,4.75,1.9
-45.0,-50.0,4.75,1.9
-45.0,-50.0,4.75,1.9
-45.0,-50.0,4.75,1.9
-45.0,-50.0,4.75,1.9
-45.0,-50.0,4.75,1.9
-45.0,-50.0,4.75,1.9
-45.0,-50.0,4.75,1.9
-45.0,-50.0,4.75,1.9
-45.0,-50.0,4.75,1.9
-45.0,-50.0,4.75,1.9
-45.0,-50.0,4.75,1.9
-45.0,-50.0,4.75,1.9
-45.0,-50.0,4.75,1.9
-45.0,-50.0,4.75,1.9
-45.0,-50.0,4.75,1.9
-45.0,-50.0,4.75,1.9
-45.0,-50.0,4.75,1.9
-45.0,-50.0,4.75,1.9
-45.0,-50.0,4.75,1.9
-45.0,-50.0,4.75,1.9
-45.0,-50.0,4.75,2.8
-45.0,-50.0,4.75,2.8
-45.0,-50.0,4.75,2.8
-45.0,-50.0,4.75,2.8
-45.0,-50.0,4.75,2.8
-45.0,-50.0,4.75,2.8
-45.0,-50.0,4.75,2.8
-45.0,-50.0,4.75,2.8
-45.0,-50.0,4.75,2.8
-45.0,-50.0,4.75,2.8
-45.0,-50.0,4.75,2.8
-45.0,-50.0,4.75,2.8
-45.0,-50.0,4.75,2.8
-45.0,-50.0,4.75,2.8
-45.0,-50.0,4.75,2.8
-45.0,-50.0,4.75,2.8
-45.0,-50.0,4.75,2.8
-45.0,-50.0,4.75,2.8
-45.0,-50.0,4.75,2.8
-45.0,-50.0,4.75,2.8
-45.0,-50.0,4.75,2.8
-45.0,-50.0,4.75,2.8
-45.0,-50.0,4.75,2.8
-45.0,-50.0,4.75,2.8
-45.0,-50.0,4.75,2.8
-45.0,-50.0,4.75,2.8
-45.0,-50.0,4.75,2.8
-45.0,-50.0,4.75,2.8
-45.0,-50.0,4.75,2.8
-45.0,-50.0,4.75,2.8
-45.0,-50.0,4.75,2.8
-45.0,-50.0,4.75,2.8
-45.0,-50.0,4.75,2.8
-45.0,-50.0,4.75,2.8
-45.0,-50.0,4.75,2.8
-45.0,-50.0,4.75,2.8
-45.0,-50.0,4.75,2.8
-45.0,-50.0,4.75,2.8
-45.0,-50.0,4.75,2.8
-45.0,-50.0,4.75,2.8
-45.0,-50.0,4.75,2.8
-65.0,-48.0,4.75,3.7
-65.0,-48.0,4.75,3.7
-65.0,-48.0,4.75,3.7
-65.0,-48.0,4.75,3.7
-65.0,-48.0,4.75,3.7
-65.0,-48.0,4.75,3.7
-65.0,-48.0,4.75,3.7
-65.0,-48.0,4.75,3.7
-65.0,-48.0,4.75,3.7
-65.0,-48.0,4.75,3.7
-65.0,-48.0,4.75,3.7
-65.0,-48.0,4.75,3.7
-65.0,-48.0,4.75,3.7
-65.0,-48.0,4.75,3.7
-65.0,-48.0,4.75,3.7
-65.0,-48.0,4.75,3.7
-65.0,-48.0,4.75,3.7
-65.0,-48.0,4.75,3.7
-65.0,-48.0,4.75,3.7
-65.0,-48.0,4.75,3.7
-65.0,-48.0,4.75,3.7
-65.0,-48.0,4.75,3.7
-65.0,-48.0,4.75,3.7
-65.0,-48.0,4.75,3.7
-65.0,-48.0,4.75,3.7
-65.0,-48.0,4.75,3.7
-65.0,-48.0,4.75,3.7
-65.0,-48.0,4.75,3.7
-65.0,-48.0,4.75,3.7
-65.0,-48.0,4.75,3.7
-65.0,-48.0,4.75,3.7
-65.0,-48.0,4.75,3.7
-65.0,-48.0,4.75,3.7
-65.0,-48.0,4.75,3.7
-65.0,-48.0,4.75,3.7
-65.0,-48.0,4.75,3.7
-65.0,-48.0,4.75,3.7
-65.0,-48.0,4.75,3.7
-65.0,-48.0,4.75,3.7
-65.0,-48.0,4.75,3.7
-65.0,-48.0,4.75,3.7
-46.0,-52.0,4.75,4.6
-46.0,-52.0,4.75,4.6
-46.0,-52.0,4.75,4.6
-46.0,-52.0,4.75,4.6
-46.0,-52.0,4.75,4.6
-46.0,-52.0,4.75,4.6
-46.0,-52.0,4.75,4.6
-46.0,-52.0,4.75,4.6
-46.0,-52.0,4.75,4.6
-46.0,-52.0,4.75,4.6
-46.0,-52.0,4.75,4.6
-46.0,-52.0,4.75,4.6
-46.0,-52.0,4.75,4.6
-46.0,-52.0,4.75,4.6
-46.0,-52.0,4.75,4.6
-46.0,-52.0,4.75,4.6
-46.0,-52.0,4.75,4.6
-46.0,-52.0,4.75,4.6
-46.0,-52.0,4.75,4.6
-46.0,-52.0,4.75,4.6
-46.0,-52.0,4.75,4.6
-46.0,-52.0,4.75,4.6
-46.0,-52.0,4.75,4.6
-46.0,-52.0,4.75,4.6
-46.0,-52.0,4.75,4.6
-46.0,-52.0,4.75,4.6
-46.0,-52.0,4.75,4.6
-46.0,-52.0,4.75,4.6
-46.0,-52.0,4.75,4.6
-46.0,-52.0,4.75,4.6
-46.0,-52.0,4.75,4.6
-46.0,-52.0,4.75,4.6
-46.0,-52.0,4.75,4.6
-46.0,-52.0,4.75,4.6
-46.0,-52.0,4.75,4.6
-46.0,-52.0,4.75,4.6
-46.0,-52.0,4.75,4.6
-46.0,-52.0,4.75,4.6
-46.0,-52.0,4.75,4.6
-46.0,-52.0,4.75,4.6
-46.0,-52.0,4.75,4.6
-44.0,-47.0,4.75,6.4
-44.0,-47.0,4.75,6.4
-44.0,-47.0,4.75,6.4
-44.0,-47.0,4.75,6.4
-44.0,-47.0,4.75,6.4
-44.0,-47.0,4.75,6.4
-44.0,-47.0,4.75,6.4
-44.0,-47.0,4.75,6.4
-44.0,-47.0,4.75,6.4
-44.0,-47.0,4.75,6.4
-44.0,-47.0,4.75,6.4
-44.0,-47.0,4.75,6.4
-44.0,-47.0,4.75,6.4
-44.0,-47.0,4.75,6.4
-44.0,-47.0,4.75,6.4
-44.0,-47.0,4.75,6.4
-44.0,-47.0,4.75,6.4
-44.0,-47.0,4.75,6.4
-44.0,-47.0,4.75,6.4
-44.0,-47.0,4.75,6.4
-44.0,-47.0,4.75,6.4
-44.0,-47.0,4.75,6.4
-44.0,-47.0,4.75,6.4
-44.0,-47.0,4.75,6.4
-44.0,-47.0,4.75,6.4
-44.0,-47.0,4.75,6.4
-44.0,-47.0,4.75,6.4
-44.0,-47.0,4.75,6.4
-44.0,-47.0,4.75,6.4
-44.0,-47.0,4.75,6.4
-44.0,-47.0,4.75,6.4
-44.0,-47.0,4.75,6.4
-44.0,-47.0,4.75,6.4
-44.0,-47.0,4.75,6.4
-44.0,-47.0,4.75,6.4
-44.0,-47.0,4.75,6.4
-44.0,-47.0,4.75,6.4
-44.0,-47.0,4.75,6.4
-44.0,-47.0,4.75,6.4
-44.0,-47.0,4.75,6.4
-44.0,-47.0,4.75,6.4
-45.0,-47.0,4.75,7.3
-45.0,-47.0,4.75,7.3
-45.0,-47.0,4.75,7.3
-45.0,-47.0,4.75,7.3
-45.0,-47.0,4.75,7.3
-45.0,-47.0,4.75,7.3
-45.0,-47.0,4.75,7.3
-45.0,-47.0,4.75,7.3
-45.0,-47.0,4.75,7.3
-45.0,-47.0,4.75,7.3
-45.0,-47.0,4.75,7.3
-45.0,-47.0,4.75,7.3
-45.0,-47.0,4.75,7.3
-45.0,-47.0,4.75,7.3
-45.0,-47.0,4.75,7.3
-45.0,-47.0,4.75,7.3
-45.0,-47.0,4.75,7.3
-45.0,-47.0,4.75,7.3
-45.0,-47.0,4.75,7.3
-45.0,-47.0,4.75,7.3
-45.0,-47.0,4.75,7.3
-45.0,-47.0,4.75,7.3
-45.0,-47.0,4.75,7.3
-45.0,-47.0,4.75,7.3
-45.0,-47.0,4.75,7.3
-45.0,-47.0,4.75,7.3
-45.0,-47.0,4.75,7.3
-45.0,-47.0,4.75,7.3
-45.0,-47.0,4.75,7.3
-45.0,-47.0,4.75,7.3
-45.0,-47.0,4.75,7.3
-45.0,-47.0,4.75,7.3
-45.0,-47.0,4.75,7.3
-45.0,-47.0,4.75,7.3
-45.0,-47.0,4.75,7.3
-45.0,-47.0,4.75,7.3
-45.0,-47.0,4.75,7.3
-45.0,-47.0,4.75,7.3
-45.0,-47.0,4.75,7.3
-45.0,-47.0,4.75,7.3
-45.0,-47.0,4.75,7.3
-48.0,-46.0,4.75,8.2
-48.0,-46.0,4.75,8.2
-48.0,-46.0,4.75,8.2
-48.0,-46.0,4.75,8.2
-48.0,-46.0,4.75,8.2
-48.0,-46.0,4.75,8.2
-48.0,-46.0,4.75,8.2
-48.0,-46.0,4.75,8.2
-48.0,-46.0,4.75,8.2
-48.0,-46.0,4.75,8.2
-48.0,-46.0,4.75,8.2
-48.0,-46.0,4.75,8.2
-48.0,-46.0,4.75,8.2
-48.0,-46.0,4.75,8.2
-48.0,-46.0,4.75,8.2
-48.0,-46.0,4.75,8.2
-48.0,-46.0,4.75,8.2
-48.0,-46.0,4.75,8.2
-48.0,-46.0,4.75,8.2
-48.0,-46.0,4.75,8.2
-48.0,-46.0,4.75,8.2
-48.0,-46.0,4.75,8.2
-48.0,-46.0,4.75,8.2
-48.0,-46.0,4.75,8.2
-48.0,-46.0,4.75,8.2
-48.0,-46.0,4.75,8.2
-48.0,-46.0,4.75,8.2
-48.0,-46.0,4.75,8.2
-48.0,-46.0,4.75,8.2
-48.0,-46.0,4.75,8.2
-48.0,-46.0,4.75,8.2
-48.0,-46.0,4.75,8.2
-48.0,-46.0,4.75,8.2
-48.0,-46.0,4.75,8.2
-48.0,-46.0,4.75,8.2
-48.0,-46.0,4.75,8.2
-48.0,-46.0,4.75,8.2
-48.0,-46.0,4.75,8.2
-48.0,-46.0,4.75,8.2
-48.0,-46.0,4.75,8.2
-48.0,-46.0,4.75,8.2
-48.0,-46.0,4.75,9.1
-48.0,-46.0,4.75,9.1
-48.0,-46.0,4.75,9.1
-48.0,-46.0,4.75,9.1
-48.0,-46.0,4.75,9.1
-48.0,-46.0,4.75,9.1
-48.0,-46.0,4.75,9.1
-48.0,-46.0,4.75,9.1
-48.0,-46.0,4.75,9.1
-48.0,-46.0,4.75,9.1
-48.0,-46.0,4.75,9.1
-48.0,-46.0,4.75,9.1
-48.0,-46.0,4.75,9.1
-48.0,-46.0,4.75,9.1
-48.0,-46.0,4.75,9.1
-48.0,-46.0,4.75,9.1
-48.0,-46.0,4.75,9.1
-48.0,-46.0,4.75,9.1
-48.0,-46.0,4.75,9.1
-48.0,-46.0,4.75,9.1
-48.0,-46.0,4.75,9.1
-48.0,-46.0,4.75,9.1
-48.0,-46.0,4.75,9.1
-48.0,-46.0,4.75,9.1
-48.0,-46.0,4.75,9.1
-48.0,-46.0,4.75,9.1
-48.0,-46.0,4.75,9.1
-48.0,-46.0,4.75,9.1
-48.0,-46.0,4.75,9.1
-48.0,-46.0,4.75,9.1
-48.0,-46.0,4.75,9.1
-48.0,-46.0,4.75,9.1
-48.0,-46.0,4.75,9.1
-51.0,-43.0,4.75,9.1
-53.0,-43.0,4.75,9.1
-54.0,-43.0,4.75,9.1
-50.0,-43.0,4.75,9.1
-50.0,-43.0,4.75,9.1
-50.0,-43.0,4.75,9.1
-50.0,-43.0,4.75,9.1
-50.0,-43.0,4.75,9.1
