Time,Name,IP,Value,X,Y
2023-06-28 20:40:57.929,Xiaomi_CEB5_5G,f0:b4:29:da:ce:b7,-41,1.5,1.9
2023-06-28 20:40:57.932,Peppa Pig,48:a1:95:eb:c6:21,-57,1.5,1.9
2023-06-28 20:40:57.933,BUAA-Mobile,18:64:72:d3:21:b1,-49,1.5,1.9
2023-06-28 20:40:57.934,BUAA-WiFi,18:64:72:d3:21:b0,-52,1.5,1.9
2023-06-28 20:40:57.935,AP1_5G,f0:b4:29:db:56:86,-59,1.5,1.9
2023-06-28 20:40:57.936,Peppa Pig,48:a1:95:eb:c6:20,-44,1.5,1.9
2023-06-28 20:40:57.936,Xiaomi_CEB5,f0:b4:29:da:ce:b6,-18,1.5,1.9
2023-06-28 20:40:57.937,BUAA-Mobile,40:e3:d6:8d:14:61,-83,1.5,1.9
2023-06-28 20:40:57.938,BUAA-WiFi,40:e3:d6:8d:14:60,-83,1.5,1.9
2023-06-28 20:40:57.939,AP1,f0:b4:29:db:56:85,-46,1.5,1.9
2023-06-28 20:40:57.940,BUAA-Mobile,18:64:72:d3:03:91,-61,1.5,1.9
2023-06-28 20:40:57.940,BUAA-WiFi,18:64:72:d3:03:90,-59,1.5,1.9
2023-06-28 20:40:57.941,BUAA-WiFi,18:64:72:d3:29:40,-70,1.5,1.9
2023-06-28 20:40:57.942,xiao group,8a:25:93:86:e0:4c,-86,1.5,1.9
2023-06-28 20:40:57.942,BUAA-Mobile,18:64:72:d3:03:81,-73,1.5,1.9
2023-06-28 20:40:57.943,BUAA-WiFi,18:64:72:d3:03:80,-57,1.5,1.9
2023-06-28 20:40:57.944,,32:b4:9e:60:24:33,-86,1.5,1.9
2023-06-28 20:40:57.944,BUAA-Mobile,18:64:72:d3:29:41,-70,1.5,1.9
2023-06-28 20:40:57.945,BUAA-WiFi,18:64:72:d3:1f:e0,-80,1.5,1.9
2023-06-28 20:40:57.946,BUAA-Mobile,18:64:72:d3:29:51,-70,1.5,1.9
2023-06-28 20:40:57.946,BUAA-WiFi,18:64:72:d3:29:50,-70,1.5,1.9
2023-06-28 20:40:57.947,BUAA-WiFi,18:64:72:d3:21:a0,-58,1.5,1.9
2023-06-28 20:40:57.948,BUAA-WiFi,b0:f9:63:24:54:b0,-92,1.5,1.9
2023-06-28 20:40:57.948,307_mobile,0c:b5:27:5e:a2:bc,-96,1.5,1.9
2023-06-28 20:40:57.949,HP,d0:76:e7:28:95:fb,-94,1.5,1.9
2023-06-28 20:40:57.950,,28:64:b0:7b:b0:a5,-86,1.5,1.9
2023-06-28 20:40:57.951,BUAA-WiFi,b0:f9:63:24:15:d0,-97,1.5,1.9
2023-06-28 20:40:57.951,BUAA-Mobile,18:64:72:d3:21:a1,-56,1.5,1.9
2023-06-28 20:40:58.909,Xiaomi_CEB5_5G,f0:b4:29:da:ce:b7,-41,1.5,1.9
2023-06-28 20:40:58.916,Peppa Pig,48:a1:95:eb:c6:21,-57,1.5,1.9
2023-06-28 20:40:58.918,BUAA-Mobile,18:64:72:d3:21:b1,-49,1.5,1.9
2023-06-28 20:40:58.921,BUAA-WiFi,18:64:72:d3:21:b0,-52,1.5,1.9
2023-06-28 20:40:58.923,AP1_5G,f0:b4:29:db:56:86,-59,1.5,1.9
2023-06-28 20:40:58.925,Peppa Pig,48:a1:95:eb:c6:20,-44,1.5,1.9
2023-06-28 20:40:58.926,Xiaomi_CEB5,f0:b4:29:da:ce:b6,-18,1.5,1.9
2023-06-28 20:40:58.927,BUAA-Mobile,40:e3:d6:8d:14:61,-83,1.5,1.9
2023-06-28 20:40:58.927,BUAA-WiFi,40:e3:d6:8d:14:60,-83,1.5,1.9
2023-06-28 20:40:58.928,AP1,f0:b4:29:db:56:85,-46,1.5,1.9
2023-06-28 20:40:58.929,BUAA-Mobile,18:64:72:d3:03:91,-61,1.5,1.9
2023-06-28 20:40:58.930,BUAA-WiFi,18:64:72:d3:03:90,-59,1.5,1.9
2023-06-28 20:40:58.930,BUAA-WiFi,18:64:72:d3:29:40,-70,1.5,1.9
2023-06-28 20:40:58.931,xiao group,8a:25:93:86:e0:4c,-86,1.5,1.9
2023-06-28 20:40:58.933,BUAA-Mobile,18:64:72:d3:03:81,-73,1.5,1.9
2023-06-28 20:40:58.935,BUAA-WiFi,18:64:72:d3:03:80,-57,1.5,1.9
2023-06-28 20:40:58.937,,32:b4:9e:60:24:33,-86,1.5,1.9
2023-06-28 20:40:58.938,BUAA-Mobile,18:64:72:d3:29:41,-70,1.5,1.9
2023-06-28 20:40:58.939,BUAA-WiFi,18:64:72:d3:1f:e0,-80,1.5,1.9
2023-06-28 20:40:58.941,BUAA-Mobile,18:64:72:d3:29:51,-70,1.5,1.9
2023-06-28 20:40:58.942,BUAA-WiFi,18:64:72:d3:29:50,-70,1.5,1.9
2023-06-28 20:40:58.943,BUAA-WiFi,18:64:72:d3:21:a0,-58,1.5,1.9
2023-06-28 20:40:58.945,BUAA-WiFi,b0:f9:63:24:54:b0,-92,1.5,1.9
2023-06-28 20:40:58.947,307_mobile,0c:b5:27:5e:a2:bc,-96,1.5,1.9
2023-06-28 20:40:58.947,HP,d0:76:e7:28:95:fb,-94,1.5,1.9
2023-06-28 20:40:58.948,,28:64:b0:7b:b0:a5,-86,1.5,1.9
2023-06-28 20:40:58.949,BUAA-WiFi,b0:f9:63:24:15:d0,-97,1.5,1.9
2023-06-28 20:40:58.949,BUAA-Mobile,18:64:72:d3:21:a1,-56,1.5,1.9
2023-06-28 20:40:59.910,Xiaomi_CEB5_5G,f0:b4:29:da:ce:b7,-57,1.5,1.9
2023-06-28 20:40:59.913,Peppa Pig,48:a1:95:eb:c6:21,-73,1.5,1.9
2023-06-28 20:40:59.918,BUAA-Mobile,18:64:72:d3:21:b1,-50,1.5,1.9
2023-06-28 20:40:59.921,BUAA-WiFi,18:64:72:d3:21:b0,-50,1.5,1.9
2023-06-28 20:40:59.923,AP1_5G,f0:b4:29:db:56:86,-55,1.5,1.9
2023-06-28 20:40:59.926,Peppa Pig,48:a1:95:eb:c6:20,-67,1.5,1.9
2023-06-28 20:40:59.928,AP1,f0:b4:29:db:56:85,-33,1.5,1.9
2023-06-28 20:40:59.930,Xiaomi_CEB5,f0:b4:29:da:ce:b6,-45,1.5,1.9
2023-06-28 20:40:59.932,BUAA-Mobile,18:64:72:d3:03:91,-75,1.5,1.9
2023-06-28 20:40:59.935,BUAA-WiFi,18:64:72:d3:03:90,-75,1.5,1.9
2023-06-28 20:40:59.937,xiao group,8a:25:93:86:e0:4c,-85,1.5,1.9
2023-06-28 20:40:59.939,BUAA-WiFi,18:64:72:d3:21:a0,-47,1.5,1.9
2023-06-28 20:40:59.941,HUAWEI-GYEL3E_5G,a8:5a:e0:db:b5:0c,-80,1.5,1.9
2023-06-28 20:40:59.943,BUAA-Mobile,18:64:72:d3:21:a1,-47,1.5,1.9
2023-06-28 20:40:59.945,BUAA-Mobile,18:64:72:d3:29:51,-75,1.5,1.9
2023-06-28 20:40:59.947,BUAA-WiFi,18:64:72:d3:29:50,-74,1.5,1.9
2023-06-28 20:41:00.910,Xiaomi_CEB5_5G,f0:b4:29:da:ce:b7,-57,1.5,1.9
2023-06-28 20:41:00.916,Peppa Pig,48:a1:95:eb:c6:21,-73,1.5,1.9
2023-06-28 20:41:00.922,BUAA-Mobile,18:64:72:d3:21:b1,-50,1.5,1.9
2023-06-28 20:41:00.927,BUAA-WiFi,18:64:72:d3:21:b0,-50,1.5,1.9
2023-06-28 20:41:00.931,AP1_5G,f0:b4:29:db:56:86,-55,1.5,1.9
2023-06-28 20:41:00.936,Peppa Pig,48:a1:95:eb:c6:20,-67,1.5,1.9
2023-06-28 20:41:00.940,AP1,f0:b4:29:db:56:85,-33,1.5,1.9
2023-06-28 20:41:00.944,Xiaomi_CEB5,f0:b4:29:da:ce:b6,-45,1.5,1.9
2023-06-28 20:41:00.947,BUAA-Mobile,18:64:72:d3:03:91,-75,1.5,1.9
2023-06-28 20:41:00.951,BUAA-WiFi,18:64:72:d3:03:90,-75,1.5,1.9
2023-06-28 20:41:00.953,xiao group,8a:25:93:86:e0:4c,-85,1.5,1.9
2023-06-28 20:41:00.955,BUAA-WiFi,18:64:72:d3:21:a0,-47,1.5,1.9
2023-06-28 20:41:00.957,HUAWEI-GYEL3E_5G,a8:5a:e0:db:b5:0c,-80,1.5,1.9
2023-06-28 20:41:00.960,BUAA-Mobile,18:64:72:d3:21:a1,-47,1.5,1.9
2023-06-28 20:41:00.963,BUAA-Mobile,18:64:72:d3:29:51,-75,1.5,1.9
2023-06-28 20:41:00.965,BUAA-WiFi,18:64:72:d3:29:50,-74,1.5,1.9
2023-06-28 20:41:01.911,Xiaomi_CEB5_5G,f0:b4:29:da:ce:b7,-57,1.5,1.9
2023-06-28 20:41:01.914,Peppa Pig,48:a1:95:eb:c6:21,-73,1.5,1.9
2023-06-28 20:41:01.916,BUAA-Mobile,18:64:72:d3:21:b1,-50,1.5,1.9
2023-06-28 20:41:01.917,BUAA-WiFi,18:64:72:d3:21:b0,-50,1.5,1.9
2023-06-28 20:41:01.919,AP1_5G,f0:b4:29:db:56:86,-55,1.5,1.9
2023-06-28 20:41:01.920,Peppa Pig,48:a1:95:eb:c6:20,-67,1.5,1.9
2023-06-28 20:41:01.921,AP1,f0:b4:29:db:56:85,-33,1.5,1.9
2023-06-28 20:41:01.924,Xiaomi_CEB5,f0:b4:29:da:ce:b6,-45,1.5,1.9
2023-06-28 20:41:01.926,BUAA-Mobile,18:64:72:d3:03:91,-75,1.5,1.9
2023-06-28 20:41:01.928,BUAA-WiFi,18:64:72:d3:03:90,-75,1.5,1.9
2023-06-28 20:41:01.930,xiao group,8a:25:93:86:e0:4c,-85,1.5,1.9
2023-06-28 20:41:01.932,BUAA-WiFi,18:64:72:d3:21:a0,-47,1.5,1.9
2023-06-28 20:41:01.934,HUAWEI-GYEL3E_5G,a8:5a:e0:db:b5:0c,-80,1.5,1.9
2023-06-28 20:41:01.936,BUAA-Mobile,18:64:72:d3:21:a1,-47,1.5,1.9
2023-06-28 20:41:01.938,BUAA-Mobile,18:64:72:d3:29:51,-75,1.5,1.9
2023-06-28 20:41:01.940,BUAA-WiFi,18:64:72:d3:29:50,-74,1.5,1.9
2023-06-28 20:41:02.911,Xiaomi_CEB5_5G,f0:b4:29:da:ce:b7,-57,1.5,1.9
2023-06-28 20:41:02.915,Peppa Pig,48:a1:95:eb:c6:21,-73,1.5,1.9
2023-06-28 20:41:02.919,BUAA-Mobile,18:64:72:d3:21:b1,-50,1.5,1.9
2023-06-28 20:41:02.922,BUAA-WiFi,18:64:72:d3:21:b0,-50,1.5,1.9
2023-06-28 20:41:02.924,AP1_5G,f0:b4:29:db:56:86,-55,1.5,1.9
2023-06-28 20:41:02.928,Peppa Pig,48:a1:95:eb:c6:20,-67,1.5,1.9
2023-06-28 20:41:02.931,AP1,f0:b4:29:db:56:85,-33,1.5,1.9
2023-06-28 20:41:02.933,Xiaomi_CEB5,f0:b4:29:da:ce:b6,-45,1.5,1.9
2023-06-28 20:41:02.935,BUAA-Mobile,18:64:72:d3:03:91,-75,1.5,1.9
2023-06-28 20:41:02.938,BUAA-WiFi,18:64:72:d3:03:90,-75,1.5,1.9
2023-06-28 20:41:02.940,xiao group,8a:25:93:86:e0:4c,-85,1.5,1.9
2023-06-28 20:41:02.943,BUAA-WiFi,18:64:72:d3:21:a0,-47,1.5,1.9
2023-06-28 20:41:02.945,HUAWEI-GYEL3E_5G,a8:5a:e0:db:b5:0c,-80,1.5,1.9
2023-06-28 20:41:02.947,BUAA-Mobile,18:64:72:d3:21:a1,-47,1.5,1.9
2023-06-28 20:41:02.949,BUAA-Mobile,18:64:72:d3:29:51,-75,1.5,1.9
2023-06-28 20:41:02.950,BUAA-WiFi,18:64:72:d3:29:50,-74,1.5,1.9
2023-06-28 20:41:03.911,Xiaomi_CEB5_5G,f0:b4:29:da:ce:b7,-57,1.5,1.9
2023-06-28 20:41:03.914,Peppa Pig,48:a1:95:eb:c6:21,-73,1.5,1.9
2023-06-28 20:41:03.917,BUAA-Mobile,18:64:72:d3:21:b1,-50,1.5,1.9
2023-06-28 20:41:03.920,BUAA-WiFi,18:64:72:d3:21:b0,-50,1.5,1.9
2023-06-28 20:41:03.922,AP1_5G,f0:b4:29:db:56:86,-55,1.5,1.9
2023-06-28 20:41:03.924,Peppa Pig,48:a1:95:eb:c6:20,-67,1.5,1.9
2023-06-28 20:41:03.926,AP1,f0:b4:29:db:56:85,-33,1.5,1.9
2023-06-28 20:41:03.929,Xiaomi_CEB5,f0:b4:29:da:ce:b6,-45,1.5,1.9
2023-06-28 20:41:03.932,BUAA-Mobile,18:64:72:d3:03:91,-75,1.5,1.9
2023-06-28 20:41:03.934,BUAA-WiFi,18:64:72:d3:03:90,-75,1.5,1.9
2023-06-28 20:41:03.937,xiao group,8a:25:93:86:e0:4c,-85,1.5,1.9
2023-06-28 20:41:03.940,BUAA-WiFi,18:64:72:d3:21:a0,-47,1.5,1.9
2023-06-28 20:41:03.943,HUAWEI-GYEL3E_5G,a8:5a:e0:db:b5:0c,-80,1.5,1.9
2023-06-28 20:41:03.945,BUAA-Mobile,18:64:72:d3:21:a1,-47,1.5,1.9
2023-06-28 20:41:03.947,BUAA-Mobile,18:64:72:d3:29:51,-75,1.5,1.9
2023-06-28 20:41:03.949,BUAA-WiFi,18:64:72:d3:29:50,-74,1.5,1.9
2023-06-28 20:41:04.912,Xiaomi_CEB5_5G,f0:b4:29:da:ce:b7,-57,1.5,1.9
2023-06-28 20:41:04.918,Peppa Pig,48:a1:95:eb:c6:21,-73,1.5,1.9
2023-06-28 20:41:04.922,BUAA-Mobile,18:64:72:d3:21:b1,-50,1.5,1.9
2023-06-28 20:41:04.925,BUAA-WiFi,18:64:72:d3:21:b0,-50,1.5,1.9
2023-06-28 20:41:04.928,AP1_5G,f0:b4:29:db:56:86,-55,1.5,1.9
2023-06-28 20:41:04.931,Peppa Pig,48:a1:95:eb:c6:20,-67,1.5,1.9
2023-06-28 20:41:04.934,AP1,f0:b4:29:db:56:85,-33,1.5,1.9
2023-06-28 20:41:04.937,Xiaomi_CEB5,f0:b4:29:da:ce:b6,-45,1.5,1.9
2023-06-28 20:41:04.939,BUAA-Mobile,18:64:72:d3:03:91,-75,1.5,1.9
2023-06-28 20:41:04.942,BUAA-WiFi,18:64:72:d3:03:90,-75,1.5,1.9
2023-06-28 20:41:04.945,xiao group,8a:25:93:86:e0:4c,-85,1.5,1.9
2023-06-28 20:41:04.947,BUAA-WiFi,18:64:72:d3:21:a0,-47,1.5,1.9
2023-06-28 20:41:04.950,HUAWEI-GYEL3E_5G,a8:5a:e0:db:b5:0c,-80,1.5,1.9
2023-06-28 20:41:04.953,BUAA-Mobile,18:64:72:d3:21:a1,-47,1.5,1.9
2023-06-28 20:41:04.955,BUAA-Mobile,18:64:72:d3:29:51,-75,1.5,1.9
2023-06-28 20:41:04.958,BUAA-WiFi,18:64:72:d3:29:50,-74,1.5,1.9
2023-06-28 20:41:05.912,Xiaomi_CEB5_5G,f0:b4:29:da:ce:b7,-57,1.5,1.9
2023-06-28 20:41:05.915,Peppa Pig,48:a1:95:eb:c6:21,-73,1.5,1.9
2023-06-28 20:41:05.919,BUAA-Mobile,18:64:72:d3:21:b1,-50,1.5,1.9
2023-06-28 20:41:05.922,BUAA-WiFi,18:64:72:d3:21:b0,-50,1.5,1.9
2023-06-28 20:41:05.925,AP1_5G,f0:b4:29:db:56:86,-55,1.5,1.9
2023-06-28 20:41:05.928,Peppa Pig,48:a1:95:eb:c6:20,-67,1.5,1.9
2023-06-28 20:41:05.930,AP1,f0:b4:29:db:56:85,-33,1.5,1.9
2023-06-28 20:41:05.932,Xiaomi_CEB5,f0:b4:29:da:ce:b6,-45,1.5,1.9
2023-06-28 20:41:05.935,BUAA-Mobile,18:64:72:d3:03:91,-75,1.5,1.9
2023-06-28 20:41:05.937,BUAA-WiFi,18:64:72:d3:03:90,-75,1.5,1.9
2023-06-28 20:41:05.939,xiao group,8a:25:93:86:e0:4c,-85,1.5,1.9
2023-06-28 20:41:05.941,BUAA-WiFi,18:64:72:d3:21:a0,-47,1.5,1.9
2023-06-28 20:41:05.944,HUAWEI-GYEL3E_5G,a8:5a:e0:db:b5:0c,-80,1.5,1.9
2023-06-28 20:41:05.946,BUAA-Mobile,18:64:72:d3:21:a1,-47,1.5,1.9
2023-06-28 20:41:05.948,BUAA-Mobile,18:64:72:d3:29:51,-75,1.5,1.9
2023-06-28 20:41:05.950,BUAA-WiFi,18:64:72:d3:29:50,-74,1.5,1.9
2023-06-28 20:41:06.912,Xiaomi_CEB5_5G,f0:b4:29:da:ce:b7,-57,1.5,1.9
2023-06-28 20:41:06.917,Peppa Pig,48:a1:95:eb:c6:21,-73,1.5,1.9
2023-06-28 20:41:06.920,BUAA-Mobile,18:64:72:d3:21:b1,-50,1.5,1.9
2023-06-28 20:41:06.922,BUAA-WiFi,18:64:72:d3:21:b0,-50,1.5,1.9
2023-06-28 20:41:06.924,AP1_5G,f0:b4:29:db:56:86,-55,1.5,1.9
2023-06-28 20:41:06.927,Peppa Pig,48:a1:95:eb:c6:20,-67,1.5,1.9
2023-06-28 20:41:06.931,AP1,f0:b4:29:db:56:85,-33,1.5,1.9
2023-06-28 20:41:06.933,Xiaomi_CEB5,f0:b4:29:da:ce:b6,-45,1.5,1.9
2023-06-28 20:41:06.935,BUAA-Mobile,18:64:72:d3:03:91,-75,1.5,1.9
2023-06-28 20:41:06.939,BUAA-WiFi,18:64:72:d3:03:90,-75,1.5,1.9
2023-06-28 20:41:06.942,xiao group,8a:25:93:86:e0:4c,-85,1.5,1.9
2023-06-28 20:41:06.945,BUAA-WiFi,18:64:72:d3:21:a0,-47,1.5,1.9
2023-06-28 20:41:06.947,HUAWEI-GYEL3E_5G,a8:5a:e0:db:b5:0c,-80,1.5,1.9
2023-06-28 20:41:06.948,BUAA-Mobile,18:64:72:d3:21:a1,-47,1.5,1.9
2023-06-28 20:41:06.949,BUAA-Mobile,18:64:72:d3:29:51,-75,1.5,1.9
2023-06-28 20:41:06.951,BUAA-WiFi,18:64:72:d3:29:50,-74,1.5,1.9
2023-06-28 20:41:07.913,Xiaomi_CEB5_5G,f0:b4:29:da:ce:b7,-57,1.5,1.9
2023-06-28 20:41:07.919,Peppa Pig,48:a1:95:eb:c6:21,-73,1.5,1.9
2023-06-28 20:41:07.924,BUAA-Mobile,18:64:72:d3:21:b1,-50,1.5,1.9
2023-06-28 20:41:07.929,BUAA-WiFi,18:64:72:d3:21:b0,-50,1.5,1.9
2023-06-28 20:41:07.933,AP1_5G,f0:b4:29:db:56:86,-55,1.5,1.9
2023-06-28 20:41:07.938,Peppa Pig,48:a1:95:eb:c6:20,-67,1.5,1.9
2023-06-28 20:41:07.942,AP1,f0:b4:29:db:56:85,-33,1.5,1.9
2023-06-28 20:41:07.945,Xiaomi_CEB5,f0:b4:29:da:ce:b6,-45,1.5,1.9
2023-06-28 20:41:07.949,BUAA-Mobile,18:64:72:d3:03:91,-75,1.5,1.9
2023-06-28 20:41:07.952,BUAA-WiFi,18:64:72:d3:03:90,-75,1.5,1.9
2023-06-28 20:41:07.955,xiao group,8a:25:93:86:e0:4c,-85,1.5,1.9
2023-06-28 20:41:07.958,BUAA-WiFi,18:64:72:d3:21:a0,-47,1.5,1.9
2023-06-28 20:41:07.961,HUAWEI-GYEL3E_5G,a8:5a:e0:db:b5:0c,-80,1.5,1.9
2023-06-28 20:41:07.963,BUAA-Mobile,18:64:72:d3:21:a1,-47,1.5,1.9
2023-06-28 20:41:07.966,BUAA-Mobile,18:64:72:d3:29:51,-75,1.5,1.9
2023-06-28 20:41:07.968,BUAA-WiFi,18:64:72:d3:29:50,-74,1.5,1.9
2023-06-28 20:41:08.913,Xiaomi_CEB5_5G,f0:b4:29:da:ce:b7,-57,1.5,1.9
2023-06-28 20:41:08.917,Peppa Pig,48:a1:95:eb:c6:21,-73,1.5,1.9
2023-06-28 20:41:08.922,BUAA-Mobile,18:64:72:d3:21:b1,-50,1.5,1.9
2023-06-28 20:41:08.927,BUAA-WiFi,18:64:72:d3:21:b0,-50,1.5,1.9
2023-06-28 20:41:08.931,AP1_5G,f0:b4:29:db:56:86,-55,1.5,1.9
2023-06-28 20:41:08.935,Peppa Pig,48:a1:95:eb:c6:20,-67,1.5,1.9
2023-06-28 20:41:08.939,AP1,f0:b4:29:db:56:85,-33,1.5,1.9
2023-06-28 20:41:08.943,Xiaomi_CEB5,f0:b4:29:da:ce:b6,-45,1.5,1.9
2023-06-28 20:41:08.946,BUAA-Mobile,18:64:72:d3:03:91,-75,1.5,1.9
2023-06-28 20:41:08.949,BUAA-WiFi,18:64:72:d3:03:90,-75,1.5,1.9
2023-06-28 20:41:08.953,xiao group,8a:25:93:86:e0:4c,-85,1.5,1.9
2023-06-28 20:41:08.956,BUAA-WiFi,18:64:72:d3:21:a0,-47,1.5,1.9
2023-06-28 20:41:08.958,HUAWEI-GYEL3E_5G,a8:5a:e0:db:b5:0c,-80,1.5,1.9
2023-06-28 20:41:08.959,BUAA-Mobile,18:64:72:d3:21:a1,-47,1.5,1.9
2023-06-28 20:41:08.960,BUAA-Mobile,18:64:72:d3:29:51,-75,1.5,1.9
2023-06-28 20:41:08.962,BUAA-WiFi,18:64:72:d3:29:50,-74,1.5,1.9
2023-06-28 20:41:09.913,Xiaomi_CEB5_5G,f0:b4:29:da:ce:b7,-57,1.5,1.9
2023-06-28 20:41:09.919,Peppa Pig,48:a1:95:eb:c6:21,-73,1.5,1.9
2023-06-28 20:41:09.923,BUAA-Mobile,18:64:72:d3:21:b1,-50,1.5,1.9
2023-06-28 20:41:09.927,BUAA-WiFi,18:64:72:d3:21:b0,-50,1.5,1.9
2023-06-28 20:41:09.931,AP1_5G,f0:b4:29:db:56:86,-55,1.5,1.9
2023-06-28 20:41:09.934,Peppa Pig,48:a1:95:eb:c6:20,-67,1.5,1.9
2023-06-28 20:41:09.937,AP1,f0:b4:29:db:56:85,-33,1.5,1.9
2023-06-28 20:41:09.940,Xiaomi_CEB5,f0:b4:29:da:ce:b6,-45,1.5,1.9
2023-06-28 20:41:09.943,BUAA-Mobile,18:64:72:d3:03:91,-75,1.5,1.9
2023-06-28 20:41:09.946,BUAA-WiFi,18:64:72:d3:03:90,-75,1.5,1.9
2023-06-28 20:41:09.948,xiao group,8a:25:93:86:e0:4c,-85,1.5,1.9
2023-06-28 20:41:09.951,BUAA-WiFi,18:64:72:d3:21:a0,-47,1.5,1.9
2023-06-28 20:41:09.954,HUAWEI-GYEL3E_5G,a8:5a:e0:db:b5:0c,-80,1.5,1.9
2023-06-28 20:41:09.957,BUAA-Mobile,18:64:72:d3:21:a1,-47,1.5,1.9
2023-06-28 20:41:09.959,BUAA-Mobile,18:64:72:d3:29:51,-75,1.5,1.9
2023-06-28 20:41:09.962,BUAA-WiFi,18:64:72:d3:29:50,-74,1.5,1.9
2023-06-28 20:41:10.913,Xiaomi_CEB5_5G,f0:b4:29:da:ce:b7,-57,1.5,1.9
2023-06-28 20:41:10.918,Peppa Pig,48:a1:95:eb:c6:21,-73,1.5,1.9
2023-06-28 20:41:10.921,BUAA-Mobile,18:64:72:d3:21:b1,-50,1.5,1.9
2023-06-28 20:41:10.927,BUAA-WiFi,18:64:72:d3:21:b0,-50,1.5,1.9
2023-06-28 20:41:10.931,AP1_5G,f0:b4:29:db:56:86,-55,1.5,1.9
2023-06-28 20:41:10.935,Peppa Pig,48:a1:95:eb:c6:20,-67,1.5,1.9
2023-06-28 20:41:10.939,AP1,f0:b4:29:db:56:85,-33,1.5,1.9
2023-06-28 20:41:10.942,Xiaomi_CEB5,f0:b4:29:da:ce:b6,-45,1.5,1.9
2023-06-28 20:41:10.946,BUAA-Mobile,18:64:72:d3:03:91,-75,1.5,1.9
2023-06-28 20:41:10.949,BUAA-WiFi,18:64:72:d3:03:90,-75,1.5,1.9
2023-06-28 20:41:10.952,xiao group,8a:25:93:86:e0:4c,-85,1.5,1.9
2023-06-28 20:41:10.955,BUAA-WiFi,18:64:72:d3:21:a0,-47,1.5,1.9
2023-06-28 20:41:10.959,HUAWEI-GYEL3E_5G,a8:5a:e0:db:b5:0c,-80,1.5,1.9
2023-06-28 20:41:10.963,BUAA-Mobile,18:64:72:d3:21:a1,-47,1.5,1.9
2023-06-28 20:41:10.966,BUAA-Mobile,18:64:72:d3:29:51,-75,1.5,1.9
2023-06-28 20:41:10.970,BUAA-WiFi,18:64:72:d3:29:50,-74,1.5,1.9
2023-06-28 20:41:11.912,Xiaomi_CEB5_5G,f0:b4:29:da:ce:b7,-57,1.5,1.9
2023-06-28 20:41:11.918,Peppa Pig,48:a1:95:eb:c6:21,-73,1.5,1.9
2023-06-28 20:41:11.923,BUAA-Mobile,18:64:72:d3:21:b1,-50,1.5,1.9
2023-06-28 20:41:11.928,BUAA-WiFi,18:64:72:d3:21:b0,-50,1.5,1.9
2023-06-28 20:41:11.933,AP1_5G,f0:b4:29:db:56:86,-55,1.5,1.9
2023-06-28 20:41:11.937,Peppa Pig,48:a1:95:eb:c6:20,-67,1.5,1.9
2023-06-28 20:41:11.940,AP1,f0:b4:29:db:56:85,-33,1.5,1.9
2023-06-28 20:41:11.944,Xiaomi_CEB5,f0:b4:29:da:ce:b6,-45,1.5,1.9
2023-06-28 20:41:11.946,BUAA-Mobile,18:64:72:d3:03:91,-75,1.5,1.9
2023-06-28 20:41:11.949,BUAA-WiFi,18:64:72:d3:03:90,-75,1.5,1.9
2023-06-28 20:41:11.952,xiao group,8a:25:93:86:e0:4c,-85,1.5,1.9
2023-06-28 20:41:11.954,BUAA-WiFi,18:64:72:d3:21:a0,-47,1.5,1.9
2023-06-28 20:41:11.957,HUAWEI-GYEL3E_5G,a8:5a:e0:db:b5:0c,-80,1.5,1.9
2023-06-28 20:41:11.959,BUAA-Mobile,18:64:72:d3:21:a1,-47,1.5,1.9
2023-06-28 20:41:11.962,BUAA-Mobile,18:64:72:d3:29:51,-75,1.5,1.9
2023-06-28 20:41:11.964,BUAA-WiFi,18:64:72:d3:29:50,-74,1.5,1.9
2023-06-28 20:41:12.914,Xiaomi_CEB5_5G,f0:b4:29:da:ce:b7,-57,1.5,1.9
2023-06-28 20:41:12.920,Peppa Pig,48:a1:95:eb:c6:21,-73,1.5,1.9
2023-06-28 20:41:12.925,BUAA-Mobile,18:64:72:d3:21:b1,-50,1.5,1.9
2023-06-28 20:41:12.932,BUAA-WiFi,18:64:72:d3:21:b0,-50,1.5,1.9
2023-06-28 20:41:12.934,AP1_5G,f0:b4:29:db:56:86,-55,1.5,1.9
2023-06-28 20:41:12.937,Peppa Pig,48:a1:95:eb:c6:20,-67,1.5,1.9
2023-06-28 20:41:12.939,AP1,f0:b4:29:db:56:85,-33,1.5,1.9
2023-06-28 20:41:12.942,Xiaomi_CEB5,f0:b4:29:da:ce:b6,-45,1.5,1.9
2023-06-28 20:41:12.944,BUAA-Mobile,18:64:72:d3:03:91,-75,1.5,1.9
2023-06-28 20:41:12.946,BUAA-WiFi,18:64:72:d3:03:90,-75,1.5,1.9
2023-06-28 20:41:12.948,xiao group,8a:25:93:86:e0:4c,-85,1.5,1.9
2023-06-28 20:41:12.950,BUAA-WiFi,18:64:72:d3:21:a0,-47,1.5,1.9
2023-06-28 20:41:12.952,HUAWEI-GYEL3E_5G,a8:5a:e0:db:b5:0c,-80,1.5,1.9
2023-06-28 20:41:12.954,BUAA-Mobile,18:64:72:d3:21:a1,-47,1.5,1.9
2023-06-28 20:41:12.956,BUAA-Mobile,18:64:72:d3:29:51,-75,1.5,1.9
2023-06-28 20:41:12.958,BUAA-WiFi,18:64:72:d3:29:50,-74,1.5,1.9
2023-06-28 20:41:13.912,Xiaomi_CEB5_5G,f0:b4:29:da:ce:b7,-57,1.5,1.9
2023-06-28 20:41:13.919,Peppa Pig,48:a1:95:eb:c6:21,-73,1.5,1.9
2023-06-28 20:41:13.924,BUAA-Mobile,18:64:72:d3:21:b1,-50,1.5,1.9
2023-06-28 20:41:13.928,BUAA-WiFi,18:64:72:d3:21:b0,-50,1.5,1.9
2023-06-28 20:41:13.930,AP1_5G,f0:b4:29:db:56:86,-55,1.5,1.9
2023-06-28 20:41:13.932,Peppa Pig,48:a1:95:eb:c6:20,-67,1.5,1.9
2023-06-28 20:41:13.935,AP1,f0:b4:29:db:56:85,-33,1.5,1.9
2023-06-28 20:41:13.937,Xiaomi_CEB5,f0:b4:29:da:ce:b6,-45,1.5,1.9
2023-06-28 20:41:13.939,BUAA-Mobile,18:64:72:d3:03:91,-75,1.5,1.9
2023-06-28 20:41:13.941,BUAA-WiFi,18:64:72:d3:03:90,-75,1.5,1.9
2023-06-28 20:41:13.943,xiao group,8a:25:93:86:e0:4c,-85,1.5,1.9
2023-06-28 20:41:13.945,BUAA-WiFi,18:64:72:d3:21:a0,-47,1.5,1.9
2023-06-28 20:41:13.948,HUAWEI-GYEL3E_5G,a8:5a:e0:db:b5:0c,-80,1.5,1.9
2023-06-28 20:41:13.950,BUAA-Mobile,18:64:72:d3:21:a1,-47,1.5,1.9
2023-06-28 20:41:13.952,BUAA-Mobile,18:64:72:d3:29:51,-75,1.5,1.9
2023-06-28 20:41:13.954,BUAA-WiFi,18:64:72:d3:29:50,-74,1.5,1.9
2023-06-28 20:41:14.913,Xiaomi_CEB5_5G,f0:b4:29:da:ce:b7,-57,1.5,1.9
2023-06-28 20:41:14.920,Peppa Pig,48:a1:95:eb:c6:21,-73,1.5,1.9
2023-06-28 20:41:14.924,BUAA-Mobile,18:64:72:d3:21:b1,-50,1.5,1.9
2023-06-28 20:41:14.930,BUAA-WiFi,18:64:72:d3:21:b0,-50,1.5,1.9
2023-06-28 20:41:14.932,AP1_5G,f0:b4:29:db:56:86,-55,1.5,1.9
2023-06-28 20:41:14.935,Peppa Pig,48:a1:95:eb:c6:20,-67,1.5,1.9
2023-06-28 20:41:14.937,AP1,f0:b4:29:db:56:85,-33,1.5,1.9
2023-06-28 20:41:14.939,Xiaomi_CEB5,f0:b4:29:da:ce:b6,-45,1.5,1.9
2023-06-28 20:41:14.941,BUAA-Mobile,18:64:72:d3:03:91,-75,1.5,1.9
2023-06-28 20:41:14.943,BUAA-WiFi,18:64:72:d3:03:90,-75,1.5,1.9
2023-06-28 20:41:14.945,xiao group,8a:25:93:86:e0:4c,-85,1.5,1.9
2023-06-28 20:41:14.947,BUAA-WiFi,18:64:72:d3:21:a0,-47,1.5,1.9
2023-06-28 20:41:14.949,HUAWEI-GYEL3E_5G,a8:5a:e0:db:b5:0c,-80,1.5,1.9
2023-06-28 20:41:14.951,BUAA-Mobile,18:64:72:d3:21:a1,-47,1.5,1.9
2023-06-28 20:41:14.953,BUAA-Mobile,18:64:72:d3:29:51,-75,1.5,1.9
2023-06-28 20:41:14.955,BUAA-WiFi,18:64:72:d3:29:50,-74,1.5,1.9
2023-06-28 20:41:15.914,Xiaomi_CEB5_5G,f0:b4:29:da:ce:b7,-57,1.5,1.9
2023-06-28 20:41:15.920,Peppa Pig,48:a1:95:eb:c6:21,-73,1.5,1.9
2023-06-28 20:41:15.924,BUAA-Mobile,18:64:72:d3:21:b1,-50,1.5,1.9
2023-06-28 20:41:15.928,BUAA-WiFi,18:64:72:d3:21:b0,-50,1.5,1.9
2023-06-28 20:41:15.933,AP1_5G,f0:b4:29:db:56:86,-55,1.5,1.9
2023-06-28 20:41:15.937,Peppa Pig,48:a1:95:eb:c6:20,-67,1.5,1.9
2023-06-28 20:41:15.940,AP1,f0:b4:29:db:56:85,-33,1.5,1.9
2023-06-28 20:41:15.942,Xiaomi_CEB5,f0:b4:29:da:ce:b6,-45,1.5,1.9
2023-06-28 20:41:15.943,BUAA-Mobile,18:64:72:d3:03:91,-75,1.5,1.9
2023-06-28 20:41:15.945,BUAA-WiFi,18:64:72:d3:03:90,-75,1.5,1.9
2023-06-28 20:41:15.946,xiao group,8a:25:93:86:e0:4c,-85,1.5,1.9
2023-06-28 20:41:15.948,BUAA-WiFi,18:64:72:d3:21:a0,-47,1.5,1.9
2023-06-28 20:41:15.950,HUAWEI-GYEL3E_5G,a8:5a:e0:db:b5:0c,-80,1.5,1.9
2023-06-28 20:41:15.952,BUAA-Mobile,18:64:72:d3:21:a1,-47,1.5,1.9
2023-06-28 20:41:15.953,BUAA-Mobile,18:64:72:d3:29:51,-75,1.5,1.9
2023-06-28 20:41:15.955,BUAA-WiFi,18:64:72:d3:29:50,-74,1.5,1.9
2023-06-28 20:41:16.914,Xiaomi_CEB5_5G,f0:b4:29:da:ce:b7,-57,1.5,1.9
2023-06-28 20:41:16.920,Peppa Pig,48:a1:95:eb:c6:21,-73,1.5,1.9
2023-06-28 20:41:16.924,BUAA-Mobile,18:64:72:d3:21:b1,-50,1.5,1.9
2023-06-28 20:41:16.929,BUAA-WiFi,18:64:72:d3:21:b0,-50,1.5,1.9
2023-06-28 20:41:16.933,AP1_5G,f0:b4:29:db:56:86,-55,1.5,1.9
2023-06-28 20:41:16.937,Peppa Pig,48:a1:95:eb:c6:20,-67,1.5,1.9
2023-06-28 20:41:16.941,AP1,f0:b4:29:db:56:85,-33,1.5,1.9
2023-06-28 20:41:16.944,Xiaomi_CEB5,f0:b4:29:da:ce:b6,-45,1.5,1.9
2023-06-28 20:41:16.947,BUAA-Mobile,18:64:72:d3:03:91,-75,1.5,1.9
2023-06-28 20:41:16.949,BUAA-WiFi,18:64:72:d3:03:90,-75,1.5,1.9
2023-06-28 20:41:16.952,xiao group,8a:25:93:86:e0:4c,-85,1.5,1.9
2023-06-28 20:41:16.954,BUAA-WiFi,18:64:72:d3:21:a0,-47,1.5,1.9
2023-06-28 20:41:16.956,HUAWEI-GYEL3E_5G,a8:5a:e0:db:b5:0c,-80,1.5,1.9
2023-06-28 20:41:16.959,BUAA-Mobile,18:64:72:d3:21:a1,-47,1.5,1.9
2023-06-28 20:41:16.962,BUAA-Mobile,18:64:72:d3:29:51,-75,1.5,1.9
2023-06-28 20:41:16.966,BUAA-WiFi,18:64:72:d3:29:50,-74,1.5,1.9
2023-06-28 20:41:17.914,Xiaomi_CEB5_5G,f0:b4:29:da:ce:b7,-57,1.5,1.9
2023-06-28 20:41:17.921,Peppa Pig,48:a1:95:eb:c6:21,-73,1.5,1.9
2023-06-28 20:41:17.924,BUAA-Mobile,18:64:72:d3:21:b1,-50,1.5,1.9
2023-06-28 20:41:17.927,BUAA-WiFi,18:64:72:d3:21:b0,-50,1.5,1.9
2023-06-28 20:41:17.930,AP1_5G,f0:b4:29:db:56:86,-55,1.5,1.9
2023-06-28 20:41:17.933,Peppa Pig,48:a1:95:eb:c6:20,-67,1.5,1.9
2023-06-28 20:41:17.936,AP1,f0:b4:29:db:56:85,-33,1.5,1.9
2023-06-28 20:41:17.939,Xiaomi_CEB5,f0:b4:29:da:ce:b6,-45,1.5,1.9
2023-06-28 20:41:17.942,BUAA-Mobile,18:64:72:d3:03:91,-75,1.5,1.9
2023-06-28 20:41:17.945,BUAA-WiFi,18:64:72:d3:03:90,-75,1.5,1.9
2023-06-28 20:41:17.947,xiao group,8a:25:93:86:e0:4c,-85,1.5,1.9
2023-06-28 20:41:17.950,BUAA-WiFi,18:64:72:d3:21:a0,-47,1.5,1.9
2023-06-28 20:41:17.952,HUAWEI-GYEL3E_5G,a8:5a:e0:db:b5:0c,-80,1.5,1.9
2023-06-28 20:41:17.955,BUAA-Mobile,18:64:72:d3:21:a1,-47,1.5,1.9
2023-06-28 20:41:17.958,BUAA-Mobile,18:64:72:d3:29:51,-75,1.5,1.9
2023-06-28 20:41:17.961,BUAA-WiFi,18:64:72:d3:29:50,-74,1.5,1.9
2023-06-28 20:41:18.914,Xiaomi_CEB5_5G,f0:b4:29:da:ce:b7,-57,1.5,1.9
2023-06-28 20:41:18.921,Peppa Pig,48:a1:95:eb:c6:21,-73,1.5,1.9
2023-06-28 20:41:18.926,BUAA-Mobile,18:64:72:d3:21:b1,-50,1.5,1.9
2023-06-28 20:41:18.929,BUAA-WiFi,18:64:72:d3:21:b0,-50,1.5,1.9
2023-06-28 20:41:18.931,AP1_5G,f0:b4:29:db:56:86,-55,1.5,1.9
2023-06-28 20:41:18.934,Peppa Pig,48:a1:95:eb:c6:20,-67,1.5,1.9
2023-06-28 20:41:18.936,AP1,f0:b4:29:db:56:85,-33,1.5,1.9
2023-06-28 20:41:18.938,Xiaomi_CEB5,f0:b4:29:da:ce:b6,-45,1.5,1.9
2023-06-28 20:41:18.941,BUAA-Mobile,18:64:72:d3:03:91,-75,1.5,1.9
2023-06-28 20:41:18.943,BUAA-WiFi,18:64:72:d3:03:90,-75,1.5,1.9
2023-06-28 20:41:18.946,xiao group,8a:25:93:86:e0:4c,-85,1.5,1.9
2023-06-28 20:41:18.948,BUAA-WiFi,18:64:72:d3:21:a0,-47,1.5,1.9
2023-06-28 20:41:18.950,HUAWEI-GYEL3E_5G,a8:5a:e0:db:b5:0c,-80,1.5,1.9
2023-06-28 20:41:18.953,BUAA-Mobile,18:64:72:d3:21:a1,-47,1.5,1.9
2023-06-28 20:41:18.955,BUAA-Mobile,18:64:72:d3:29:51,-75,1.5,1.9
2023-06-28 20:41:18.957,BUAA-WiFi,18:64:72:d3:29:50,-74,1.5,1.9
2023-06-28 20:41:19.915,Xiaomi_CEB5_5G,f0:b4:29:da:ce:b7,-57,1.5,1.9
2023-06-28 20:41:19.918,Peppa Pig,48:a1:95:eb:c6:21,-73,1.5,1.9
2023-06-28 20:41:19.921,BUAA-Mobile,18:64:72:d3:21:b1,-50,1.5,1.9
2023-06-28 20:41:19.922,BUAA-WiFi,18:64:72:d3:21:b0,-50,1.5,1.9
2023-06-28 20:41:19.924,AP1_5G,f0:b4:29:db:56:86,-55,1.5,1.9
2023-06-28 20:41:19.928,Peppa Pig,48:a1:95:eb:c6:20,-67,1.5,1.9
2023-06-28 20:41:19.930,AP1,f0:b4:29:db:56:85,-33,1.5,1.9
2023-06-28 20:41:19.934,Xiaomi_CEB5,f0:b4:29:da:ce:b6,-45,1.5,1.9
2023-06-28 20:41:19.938,BUAA-Mobile,18:64:72:d3:03:91,-75,1.5,1.9
2023-06-28 20:41:19.941,BUAA-WiFi,18:64:72:d3:03:90,-75,1.5,1.9
2023-06-28 20:41:19.943,xiao group,8a:25:93:86:e0:4c,-85,1.5,1.9
2023-06-28 20:41:19.944,BUAA-WiFi,18:64:72:d3:21:a0,-47,1.5,1.9
2023-06-28 20:41:19.946,HUAWEI-GYEL3E_5G,a8:5a:e0:db:b5:0c,-80,1.5,1.9
2023-06-28 20:41:19.948,BUAA-Mobile,18:64:72:d3:21:a1,-47,1.5,1.9
2023-06-28 20:41:19.949,BUAA-Mobile,18:64:72:d3:29:51,-75,1.5,1.9
2023-06-28 20:41:19.951,BUAA-WiFi,18:64:72:d3:29:50,-74,1.5,1.9
2023-06-28 20:41:20.914,Xiaomi_CEB5_5G,f0:b4:29:da:ce:b7,-57,1.5,1.9
2023-06-28 20:41:20.918,Peppa Pig,48:a1:95:eb:c6:21,-73,1.5,1.9
2023-06-28 20:41:20.921,BUAA-Mobile,18:64:72:d3:21:b1,-50,1.5,1.9
2023-06-28 20:41:20.924,BUAA-WiFi,18:64:72:d3:21:b0,-50,1.5,1.9
2023-06-28 20:41:20.926,AP1_5G,f0:b4:29:db:56:86,-55,1.5,1.9
2023-06-28 20:41:20.929,Peppa Pig,48:a1:95:eb:c6:20,-67,1.5,1.9
2023-06-28 20:41:20.932,AP1,f0:b4:29:db:56:85,-33,1.5,1.9
2023-06-28 20:41:20.934,Xiaomi_CEB5,f0:b4:29:da:ce:b6,-45,1.5,1.9
2023-06-28 20:41:20.937,BUAA-Mobile,18:64:72:d3:03:91,-75,1.5,1.9
2023-06-28 20:41:20.939,BUAA-WiFi,18:64:72:d3:03:90,-75,1.5,1.9
2023-06-28 20:41:20.941,xiao group,8a:25:93:86:e0:4c,-85,1.5,1.9
2023-06-28 20:41:20.943,BUAA-WiFi,18:64:72:d3:21:a0,-47,1.5,1.9
2023-06-28 20:41:20.944,HUAWEI-GYEL3E_5G,a8:5a:e0:db:b5:0c,-80,1.5,1.9
2023-06-28 20:41:20.946,BUAA-Mobile,18:64:72:d3:21:a1,-47,1.5,1.9
2023-06-28 20:41:20.948,BUAA-Mobile,18:64:72:d3:29:51,-75,1.5,1.9
2023-06-28 20:41:20.949,BUAA-WiFi,18:64:72:d3:29:50,-74,1.5,1.9
2023-06-28 20:41:21.914,Xiaomi_CEB5_5G,f0:b4:29:da:ce:b7,-57,1.5,1.9
2023-06-28 20:41:21.920,Peppa Pig,48:a1:95:eb:c6:21,-73,1.5,1.9
2023-06-28 20:41:21.925,BUAA-Mobile,18:64:72:d3:21:b1,-50,1.5,1.9
2023-06-28 20:41:21.930,BUAA-WiFi,18:64:72:d3:21:b0,-50,1.5,1.9
2023-06-28 20:41:21.935,AP1_5G,f0:b4:29:db:56:86,-55,1.5,1.9
2023-06-28 20:41:21.940,Peppa Pig,48:a1:95:eb:c6:20,-67,1.5,1.9
2023-06-28 20:41:21.945,AP1,f0:b4:29:db:56:85,-33,1.5,1.9
2023-06-28 20:41:21.949,Xiaomi_CEB5,f0:b4:29:da:ce:b6,-45,1.5,1.9
2023-06-28 20:41:21.953,BUAA-Mobile,18:64:72:d3:03:91,-75,1.5,1.9
2023-06-28 20:41:21.957,BUAA-WiFi,18:64:72:d3:03:90,-75,1.5,1.9
2023-06-28 20:41:21.961,xiao group,8a:25:93:86:e0:4c,-85,1.5,1.9
2023-06-28 20:41:21.965,BUAA-WiFi,18:64:72:d3:21:a0,-47,1.5,1.9
2023-06-28 20:41:21.970,HUAWEI-GYEL3E_5G,a8:5a:e0:db:b5:0c,-80,1.5,1.9
2023-06-28 20:41:21.973,BUAA-Mobile,18:64:72:d3:21:a1,-47,1.5,1.9
2023-06-28 20:41:21.975,BUAA-Mobile,18:64:72:d3:29:51,-75,1.5,1.9
2023-06-28 20:41:21.978,BUAA-WiFi,18:64:72:d3:29:50,-74,1.5,1.9
2023-06-28 20:41:22.915,Xiaomi_CEB5_5G,f0:b4:29:da:ce:b7,-57,1.5,1.9
2023-06-28 20:41:22.920,Peppa Pig,48:a1:95:eb:c6:21,-73,1.5,1.9
2023-06-28 20:41:22.925,BUAA-Mobile,18:64:72:d3:21:b1,-50,1.5,1.9
2023-06-28 20:41:22.929,BUAA-WiFi,18:64:72:d3:21:b0,-50,1.5,1.9
2023-06-28 20:41:22.933,AP1_5G,f0:b4:29:db:56:86,-55,1.5,1.9
2023-06-28 20:41:22.936,Peppa Pig,48:a1:95:eb:c6:20,-67,1.5,1.9
2023-06-28 20:41:22.938,AP1,f0:b4:29:db:56:85,-33,1.5,1.9
2023-06-28 20:41:22.941,Xiaomi_CEB5,f0:b4:29:da:ce:b6,-45,1.5,1.9
2023-06-28 20:41:22.943,BUAA-Mobile,18:64:72:d3:03:91,-75,1.5,1.9
2023-06-28 20:41:22.945,BUAA-WiFi,18:64:72:d3:03:90,-75,1.5,1.9
2023-06-28 20:41:22.947,xiao group,8a:25:93:86:e0:4c,-85,1.5,1.9
2023-06-28 20:41:22.950,BUAA-WiFi,18:64:72:d3:21:a0,-47,1.5,1.9
2023-06-28 20:41:22.952,HUAWEI-GYEL3E_5G,a8:5a:e0:db:b5:0c,-80,1.5,1.9
2023-06-28 20:41:22.955,BUAA-Mobile,18:64:72:d3:21:a1,-47,1.5,1.9
2023-06-28 20:41:22.957,BUAA-Mobile,18:64:72:d3:29:51,-75,1.5,1.9
2023-06-28 20:41:22.960,BUAA-WiFi,18:64:72:d3:29:50,-74,1.5,1.9
2023-06-28 20:41:23.915,Xiaomi_CEB5_5G,f0:b4:29:da:ce:b7,-57,1.5,1.9
2023-06-28 20:41:23.920,Peppa Pig,48:a1:95:eb:c6:21,-73,1.5,1.9
2023-06-28 20:41:23.924,BUAA-Mobile,18:64:72:d3:21:b1,-50,1.5,1.9
2023-06-28 20:41:23.926,BUAA-WiFi,18:64:72:d3:21:b0,-50,1.5,1.9
2023-06-28 20:41:23.928,AP1_5G,f0:b4:29:db:56:86,-55,1.5,1.9
2023-06-28 20:41:23.931,Peppa Pig,48:a1:95:eb:c6:20,-67,1.5,1.9
2023-06-28 20:41:23.933,AP1,f0:b4:29:db:56:85,-33,1.5,1.9
2023-06-28 20:41:23.936,Xiaomi_CEB5,f0:b4:29:da:ce:b6,-45,1.5,1.9
2023-06-28 20:41:23.938,BUAA-Mobile,18:64:72:d3:03:91,-75,1.5,1.9
2023-06-28 20:41:23.940,BUAA-WiFi,18:64:72:d3:03:90,-75,1.5,1.9
2023-06-28 20:41:23.942,xiao group,8a:25:93:86:e0:4c,-85,1.5,1.9
2023-06-28 20:41:23.945,BUAA-WiFi,18:64:72:d3:21:a0,-47,1.5,1.9
2023-06-28 20:41:23.948,HUAWEI-GYEL3E_5G,a8:5a:e0:db:b5:0c,-80,1.5,1.9
2023-06-28 20:41:23.950,BUAA-Mobile,18:64:72:d3:21:a1,-47,1.5,1.9
2023-06-28 20:41:23.952,BUAA-Mobile,18:64:72:d3:29:51,-75,1.5,1.9
2023-06-28 20:41:23.955,BUAA-WiFi,18:64:72:d3:29:50,-74,1.5,1.9
2023-06-28 20:41:24.915,Xiaomi_CEB5_5G,f0:b4:29:da:ce:b7,-57,1.5,1.9
2023-06-28 20:41:24.922,Peppa Pig,48:a1:95:eb:c6:21,-73,1.5,1.9
2023-06-28 20:41:24.927,BUAA-Mobile,18:64:72:d3:21:b1,-50,1.5,1.9
2023-06-28 20:41:24.932,BUAA-WiFi,18:64:72:d3:21:b0,-50,1.5,1.9
2023-06-28 20:41:24.936,AP1_5G,f0:b4:29:db:56:86,-55,1.5,1.9
2023-06-28 20:41:24.941,Peppa Pig,48:a1:95:eb:c6:20,-67,1.5,1.9
2023-06-28 20:41:24.945,AP1,f0:b4:29:db:56:85,-33,1.5,1.9
2023-06-28 20:41:24.948,Xiaomi_CEB5,f0:b4:29:da:ce:b6,-45,1.5,1.9
2023-06-28 20:41:24.952,BUAA-Mobile,18:64:72:d3:03:91,-75,1.5,1.9
2023-06-28 20:41:24.957,BUAA-WiFi,18:64:72:d3:03:90,-75,1.5,1.9
2023-06-28 20:41:24.960,xiao group,8a:25:93:86:e0:4c,-85,1.5,1.9
2023-06-28 20:41:24.964,BUAA-WiFi,18:64:72:d3:21:a0,-47,1.5,1.9
2023-06-28 20:41:24.968,HUAWEI-GYEL3E_5G,a8:5a:e0:db:b5:0c,-80,1.5,1.9
2023-06-28 20:41:24.973,BUAA-Mobile,18:64:72:d3:21:a1,-47,1.5,1.9
2023-06-28 20:41:24.977,BUAA-Mobile,18:64:72:d3:29:51,-75,1.5,1.9
2023-06-28 20:41:24.982,BUAA-WiFi,18:64:72:d3:29:50,-74,1.5,1.9
2023-06-28 20:41:25.915,Xiaomi_CEB5_5G,f0:b4:29:da:ce:b7,-57,1.5,1.9
2023-06-28 20:41:25.923,Peppa Pig,48:a1:95:eb:c6:21,-73,1.5,1.9
2023-06-28 20:41:25.928,BUAA-Mobile,18:64:72:d3:21:b1,-50,1.5,1.9
2023-06-28 20:41:25.933,BUAA-WiFi,18:64:72:d3:21:b0,-50,1.5,1.9
2023-06-28 20:41:25.937,AP1_5G,f0:b4:29:db:56:86,-55,1.5,1.9
2023-06-28 20:41:25.941,Peppa Pig,48:a1:95:eb:c6:20,-67,1.5,1.9
2023-06-28 20:41:25.945,AP1,f0:b4:29:db:56:85,-33,1.5,1.9
2023-06-28 20:41:25.949,Xiaomi_CEB5,f0:b4:29:da:ce:b6,-45,1.5,1.9
2023-06-28 20:41:25.955,BUAA-Mobile,18:64:72:d3:03:91,-75,1.5,1.9
2023-06-28 20:41:25.959,BUAA-WiFi,18:64:72:d3:03:90,-75,1.5,1.9
2023-06-28 20:41:25.963,xiao group,8a:25:93:86:e0:4c,-85,1.5,1.9
2023-06-28 20:41:25.966,BUAA-WiFi,18:64:72:d3:21:a0,-47,1.5,1.9
2023-06-28 20:41:25.969,HUAWEI-GYEL3E_5G,a8:5a:e0:db:b5:0c,-80,1.5,1.9
2023-06-28 20:41:25.973,BUAA-Mobile,18:64:72:d3:21:a1,-47,1.5,1.9
2023-06-28 20:41:25.976,BUAA-Mobile,18:64:72:d3:29:51,-75,1.5,1.9
2023-06-28 20:41:25.979,BUAA-WiFi,18:64:72:d3:29:50,-74,1.5,1.9
2023-06-28 20:41:26.916,Xiaomi_CEB5_5G,f0:b4:29:da:ce:b7,-57,1.5,1.9
2023-06-28 20:41:26.923,Peppa Pig,48:a1:95:eb:c6:21,-73,1.5,1.9
2023-06-28 20:41:26.927,BUAA-Mobile,18:64:72:d3:21:b1,-50,1.5,1.9
2023-06-28 20:41:26.931,BUAA-WiFi,18:64:72:d3:21:b0,-50,1.5,1.9
2023-06-28 20:41:26.937,AP1_5G,f0:b4:29:db:56:86,-55,1.5,1.9
2023-06-28 20:41:26.941,Peppa Pig,48:a1:95:eb:c6:20,-67,1.5,1.9
2023-06-28 20:41:26.945,AP1,f0:b4:29:db:56:85,-33,1.5,1.9
2023-06-28 20:41:26.948,Xiaomi_CEB5,f0:b4:29:da:ce:b6,-45,1.5,1.9
2023-06-28 20:41:26.951,BUAA-Mobile,18:64:72:d3:03:91,-75,1.5,1.9
2023-06-28 20:41:26.953,BUAA-WiFi,18:64:72:d3:03:90,-75,1.5,1.9
2023-06-28 20:41:26.956,xiao group,8a:25:93:86:e0:4c,-85,1.5,1.9
2023-06-28 20:41:26.958,BUAA-WiFi,18:64:72:d3:21:a0,-47,1.5,1.9
2023-06-28 20:41:26.961,HUAWEI-GYEL3E_5G,a8:5a:e0:db:b5:0c,-80,1.5,1.9
2023-06-28 20:41:26.963,BUAA-Mobile,18:64:72:d3:21:a1,-47,1.5,1.9
2023-06-28 20:41:26.966,BUAA-Mobile,18:64:72:d3:29:51,-75,1.5,1.9
2023-06-28 20:41:26.969,BUAA-WiFi,18:64:72:d3:29:50,-74,1.5,1.9
2023-06-28 20:41:27.917,Xiaomi_CEB5_5G,f0:b4:29:da:ce:b7,-57,1.5,1.9
2023-06-28 20:41:27.924,Peppa Pig,48:a1:95:eb:c6:21,-73,1.5,1.9
2023-06-28 20:41:27.929,BUAA-Mobile,18:64:72:d3:21:b1,-50,1.5,1.9
2023-06-28 20:41:27.933,BUAA-WiFi,18:64:72:d3:21:b0,-50,1.5,1.9
2023-06-28 20:41:27.938,AP1_5G,f0:b4:29:db:56:86,-55,1.5,1.9
2023-06-28 20:41:27.943,Peppa Pig,48:a1:95:eb:c6:20,-67,1.5,1.9
2023-06-28 20:41:27.946,AP1,f0:b4:29:db:56:85,-33,1.5,1.9
2023-06-28 20:41:27.948,Xiaomi_CEB5,f0:b4:29:da:ce:b6,-45,1.5,1.9
2023-06-28 20:41:27.950,BUAA-Mobile,18:64:72:d3:03:91,-75,1.5,1.9
2023-06-28 20:41:27.952,BUAA-WiFi,18:64:72:d3:03:90,-75,1.5,1.9
2023-06-28 20:41:27.954,xiao group,8a:25:93:86:e0:4c,-85,1.5,1.9
2023-06-28 20:41:27.957,BUAA-WiFi,18:64:72:d3:21:a0,-47,1.5,1.9
2023-06-28 20:41:27.961,HUAWEI-GYEL3E_5G,a8:5a:e0:db:b5:0c,-80,1.5,1.9
2023-06-28 20:41:27.964,BUAA-Mobile,18:64:72:d3:21:a1,-47,1.5,1.9
2023-06-28 20:41:27.967,BUAA-Mobile,18:64:72:d3:29:51,-75,1.5,1.9
2023-06-28 20:41:27.969,BUAA-WiFi,18:64:72:d3:29:50,-74,1.5,1.9
2023-06-28 20:41:28.917,Xiaomi_CEB5_5G,f0:b4:29:da:ce:b7,-57,1.5,1.9
2023-06-28 20:41:28.924,Peppa Pig,48:a1:95:eb:c6:21,-73,1.5,1.9
2023-06-28 20:41:28.928,BUAA-Mobile,18:64:72:d3:21:b1,-50,1.5,1.9
2023-06-28 20:41:28.933,BUAA-WiFi,18:64:72:d3:21:b0,-50,1.5,1.9
2023-06-28 20:41:28.937,AP1_5G,f0:b4:29:db:56:86,-55,1.5,1.9
2023-06-28 20:41:28.941,Peppa Pig,48:a1:95:eb:c6:20,-67,1.5,1.9
2023-06-28 20:41:28.945,AP1,f0:b4:29:db:56:85,-33,1.5,1.9
2023-06-28 20:41:28.948,Xiaomi_CEB5,f0:b4:29:da:ce:b6,-45,1.5,1.9
2023-06-28 20:41:28.951,BUAA-Mobile,18:64:72:d3:03:91,-75,1.5,1.9
2023-06-28 20:41:28.953,BUAA-WiFi,18:64:72:d3:03:90,-75,1.5,1.9
2023-06-28 20:41:28.956,xiao group,8a:25:93:86:e0:4c,-85,1.5,1.9
2023-06-28 20:41:28.958,BUAA-WiFi,18:64:72:d3:21:a0,-47,1.5,1.9
2023-06-28 20:41:28.960,HUAWEI-GYEL3E_5G,a8:5a:e0:db:b5:0c,-80,1.5,1.9
2023-06-28 20:41:28.962,BUAA-Mobile,18:64:72:d3:21:a1,-47,1.5,1.9
2023-06-28 20:41:28.965,BUAA-Mobile,18:64:72:d3:29:51,-75,1.5,1.9
2023-06-28 20:41:28.968,BUAA-WiFi,18:64:72:d3:29:50,-74,1.5,1.9
2023-06-28 20:41:29.917,Xiaomi_CEB5_5G,f0:b4:29:da:ce:b7,-57,1.5,1.9
2023-06-28 20:41:29.922,Peppa Pig,48:a1:95:eb:c6:21,-73,1.5,1.9
2023-06-28 20:41:29.925,BUAA-Mobile,18:64:72:d3:21:b1,-50,1.5,1.9
2023-06-28 20:41:29.928,BUAA-WiFi,18:64:72:d3:21:b0,-50,1.5,1.9
2023-06-28 20:41:29.932,AP1_5G,f0:b4:29:db:56:86,-55,1.5,1.9
2023-06-28 20:41:29.935,Peppa Pig,48:a1:95:eb:c6:20,-67,1.5,1.9
2023-06-28 20:41:29.937,AP1,f0:b4:29:db:56:85,-33,1.5,1.9
2023-06-28 20:41:29.940,Xiaomi_CEB5,f0:b4:29:da:ce:b6,-45,1.5,1.9
2023-06-28 20:41:29.942,BUAA-Mobile,18:64:72:d3:03:91,-75,1.5,1.9
2023-06-28 20:41:29.944,BUAA-WiFi,18:64:72:d3:03:90,-75,1.5,1.9
2023-06-28 20:41:29.946,xiao group,8a:25:93:86:e0:4c,-85,1.5,1.9
2023-06-28 20:41:29.949,BUAA-WiFi,18:64:72:d3:21:a0,-47,1.5,1.9
2023-06-28 20:41:29.951,HUAWEI-GYEL3E_5G,a8:5a:e0:db:b5:0c,-80,1.5,1.9
2023-06-28 20:41:29.953,BUAA-Mobile,18:64:72:d3:21:a1,-47,1.5,1.9
2023-06-28 20:41:29.955,BUAA-Mobile,18:64:72:d3:29:51,-75,1.5,1.9
2023-06-28 20:41:29.958,BUAA-WiFi,18:64:72:d3:29:50,-74,1.5,1.9
2023-06-28 20:41:30.919,Xiaomi_CEB5_5G,f0:b4:29:da:ce:b7,-57,1.5,1.9
2023-06-28 20:41:30.926,Peppa Pig,48:a1:95:eb:c6:21,-73,1.5,1.9
2023-06-28 20:41:30.930,BUAA-Mobile,18:64:72:d3:21:b1,-50,1.5,1.9
2023-06-28 20:41:30.933,BUAA-WiFi,18:64:72:d3:21:b0,-50,1.5,1.9
2023-06-28 20:41:30.935,AP1_5G,f0:b4:29:db:56:86,-55,1.5,1.9
2023-06-28 20:41:30.937,Peppa Pig,48:a1:95:eb:c6:20,-67,1.5,1.9
2023-06-28 20:41:30.940,AP1,f0:b4:29:db:56:85,-33,1.5,1.9
2023-06-28 20:41:30.942,Xiaomi_CEB5,f0:b4:29:da:ce:b6,-45,1.5,1.9
2023-06-28 20:41:30.944,BUAA-Mobile,18:64:72:d3:03:91,-75,1.5,1.9
2023-06-28 20:41:30.947,BUAA-WiFi,18:64:72:d3:03:90,-75,1.5,1.9
2023-06-28 20:41:30.949,xiao group,8a:25:93:86:e0:4c,-85,1.5,1.9
2023-06-28 20:41:30.951,BUAA-WiFi,18:64:72:d3:21:a0,-47,1.5,1.9
2023-06-28 20:41:30.953,HUAWEI-GYEL3E_5G,a8:5a:e0:db:b5:0c,-80,1.5,1.9
2023-06-28 20:41:30.956,BUAA-Mobile,18:64:72:d3:21:a1,-47,1.5,1.9
2023-06-28 20:41:30.958,BUAA-Mobile,18:64:72:d3:29:51,-75,1.5,1.9
2023-06-28 20:41:30.960,BUAA-WiFi,18:64:72:d3:29:50,-74,1.5,1.9
2023-06-28 20:41:31.918,Xiaomi_CEB5_5G,f0:b4:29:da:ce:b7,-57,1.5,1.9
2023-06-28 20:41:31.921,Peppa Pig,48:a1:95:eb:c6:21,-73,1.5,1.9
2023-06-28 20:41:31.923,BUAA-Mobile,18:64:72:d3:21:b1,-50,1.5,1.9
2023-06-28 20:41:31.924,BUAA-WiFi,18:64:72:d3:21:b0,-50,1.5,1.9
2023-06-28 20:41:31.925,AP1_5G,f0:b4:29:db:56:86,-55,1.5,1.9
2023-06-28 20:41:31.926,Peppa Pig,48:a1:95:eb:c6:20,-67,1.5,1.9
2023-06-28 20:41:31.927,AP1,f0:b4:29:db:56:85,-33,1.5,1.9
2023-06-28 20:41:31.929,Xiaomi_CEB5,f0:b4:29:da:ce:b6,-45,1.5,1.9
2023-06-28 20:41:31.932,BUAA-Mobile,18:64:72:d3:03:91,-75,1.5,1.9
2023-06-28 20:41:31.934,BUAA-WiFi,18:64:72:d3:03:90,-75,1.5,1.9
2023-06-28 20:41:31.936,xiao group,8a:25:93:86:e0:4c,-85,1.5,1.9
2023-06-28 20:41:31.938,BUAA-WiFi,18:64:72:d3:21:a0,-47,1.5,1.9
2023-06-28 20:41:31.939,HUAWEI-GYEL3E_5G,a8:5a:e0:db:b5:0c,-80,1.5,1.9
2023-06-28 20:41:31.940,BUAA-Mobile,18:64:72:d3:21:a1,-47,1.5,1.9
2023-06-28 20:41:31.942,BUAA-Mobile,18:64:72:d3:29:51,-75,1.5,1.9
2023-06-28 20:41:31.943,BUAA-WiFi,18:64:72:d3:29:50,-74,1.5,1.9
2023-06-28 20:41:32.918,Xiaomi_CEB5_5G,f0:b4:29:da:ce:b7,-57,1.5,1.9
2023-06-28 20:41:32.925,Peppa Pig,48:a1:95:eb:c6:21,-73,1.5,1.9
2023-06-28 20:41:32.930,BUAA-Mobile,18:64:72:d3:21:b1,-50,1.5,1.9
2023-06-28 20:41:32.933,BUAA-WiFi,18:64:72:d3:21:b0,-50,1.5,1.9
2023-06-28 20:41:32.935,AP1_5G,f0:b4:29:db:56:86,-55,1.5,1.9
2023-06-28 20:41:32.938,Peppa Pig,48:a1:95:eb:c6:20,-67,1.5,1.9
2023-06-28 20:41:32.940,AP1,f0:b4:29:db:56:85,-33,1.5,1.9
2023-06-28 20:41:32.942,Xiaomi_CEB5,f0:b4:29:da:ce:b6,-45,1.5,1.9
2023-06-28 20:41:32.945,BUAA-Mobile,18:64:72:d3:03:91,-75,1.5,1.9
2023-06-28 20:41:32.948,BUAA-WiFi,18:64:72:d3:03:90,-75,1.5,1.9
2023-06-28 20:41:32.949,xiao group,8a:25:93:86:e0:4c,-85,1.5,1.9
2023-06-28 20:41:32.951,BUAA-WiFi,18:64:72:d3:21:a0,-47,1.5,1.9
2023-06-28 20:41:32.952,HUAWEI-GYEL3E_5G,a8:5a:e0:db:b5:0c,-80,1.5,1.9
2023-06-28 20:41:32.955,BUAA-Mobile,18:64:72:d3:21:a1,-47,1.5,1.9
2023-06-28 20:41:32.957,BUAA-Mobile,18:64:72:d3:29:51,-75,1.5,1.9
2023-06-28 20:41:32.959,BUAA-WiFi,18:64:72:d3:29:50,-74,1.5,1.9
2023-06-28 20:41:33.919,Xiaomi_CEB5_5G,f0:b4:29:da:ce:b7,-57,1.5,1.9
2023-06-28 20:41:33.924,Peppa Pig,48:a1:95:eb:c6:21,-73,1.5,1.9
2023-06-28 20:41:33.929,BUAA-Mobile,18:64:72:d3:21:b1,-50,1.5,1.9
2023-06-28 20:41:33.934,BUAA-WiFi,18:64:72:d3:21:b0,-50,1.5,1.9
2023-06-28 20:41:33.939,AP1_5G,f0:b4:29:db:56:86,-55,1.5,1.9
2023-06-28 20:41:33.943,Peppa Pig,48:a1:95:eb:c6:20,-67,1.5,1.9
2023-06-28 20:41:33.946,AP1,f0:b4:29:db:56:85,-33,1.5,1.9
2023-06-28 20:41:33.950,Xiaomi_CEB5,f0:b4:29:da:ce:b6,-45,1.5,1.9
2023-06-28 20:41:33.953,BUAA-Mobile,18:64:72:d3:03:91,-75,1.5,1.9
2023-06-28 20:41:33.957,BUAA-WiFi,18:64:72:d3:03:90,-75,1.5,1.9
2023-06-28 20:41:33.960,xiao group,8a:25:93:86:e0:4c,-85,1.5,1.9
2023-06-28 20:41:33.962,BUAA-WiFi,18:64:72:d3:21:a0,-47,1.5,1.9
2023-06-28 20:41:33.964,HUAWEI-GYEL3E_5G,a8:5a:e0:db:b5:0c,-80,1.5,1.9
2023-06-28 20:41:33.967,BUAA-Mobile,18:64:72:d3:21:a1,-47,1.5,1.9
2023-06-28 20:41:33.969,BUAA-Mobile,18:64:72:d3:29:51,-75,1.5,1.9
2023-06-28 20:41:33.971,BUAA-WiFi,18:64:72:d3:29:50,-74,1.5,1.9
2023-06-28 20:41:34.920,Xiaomi_CEB5_5G,f0:b4:29:da:ce:b7,-57,1.5,1.9
2023-06-28 20:41:34.926,Peppa Pig,48:a1:95:eb:c6:21,-73,1.5,1.9
2023-06-28 20:41:34.931,BUAA-Mobile,18:64:72:d3:21:b1,-50,1.5,1.9
2023-06-28 20:41:34.936,BUAA-WiFi,18:64:72:d3:21:b0,-50,1.5,1.9
2023-06-28 20:41:34.940,AP1_5G,f0:b4:29:db:56:86,-55,1.5,1.9
2023-06-28 20:41:34.944,Peppa Pig,48:a1:95:eb:c6:20,-67,1.5,1.9
2023-06-28 20:41:34.947,AP1,f0:b4:29:db:56:85,-33,1.5,1.9
2023-06-28 20:41:34.950,Xiaomi_CEB5,f0:b4:29:da:ce:b6,-45,1.5,1.9
2023-06-28 20:41:34.953,BUAA-Mobile,18:64:72:d3:03:91,-75,1.5,1.9
2023-06-28 20:41:34.955,BUAA-WiFi,18:64:72:d3:03:90,-75,1.5,1.9
2023-06-28 20:41:34.957,xiao group,8a:25:93:86:e0:4c,-85,1.5,1.9
2023-06-28 20:41:34.959,BUAA-WiFi,18:64:72:d3:21:a0,-47,1.5,1.9
2023-06-28 20:41:34.961,HUAWEI-GYEL3E_5G,a8:5a:e0:db:b5:0c,-80,1.5,1.9
2023-06-28 20:41:34.964,BUAA-Mobile,18:64:72:d3:21:a1,-47,1.5,1.9
2023-06-28 20:41:34.966,BUAA-Mobile,18:64:72:d3:29:51,-75,1.5,1.9
2023-06-28 20:41:34.968,BUAA-WiFi,18:64:72:d3:29:50,-74,1.5,1.9
2023-06-28 20:41:35.920,Xiaomi_CEB5_5G,f0:b4:29:da:ce:b7,-57,1.5,1.9
2023-06-28 20:41:35.924,Peppa Pig,48:a1:95:eb:c6:21,-73,1.5,1.9
2023-06-28 20:41:35.926,BUAA-Mobile,18:64:72:d3:21:b1,-50,1.5,1.9
2023-06-28 20:41:35.929,BUAA-WiFi,18:64:72:d3:21:b0,-50,1.5,1.9
2023-06-28 20:41:35.931,AP1_5G,f0:b4:29:db:56:86,-55,1.5,1.9
2023-06-28 20:41:35.932,Peppa Pig,48:a1:95:eb:c6:20,-67,1.5,1.9
2023-06-28 20:41:35.933,AP1,f0:b4:29:db:56:85,-33,1.5,1.9
2023-06-28 20:41:35.936,Xiaomi_CEB5,f0:b4:29:da:ce:b6,-45,1.5,1.9
2023-06-28 20:41:35.938,BUAA-Mobile,18:64:72:d3:03:91,-75,1.5,1.9
2023-06-28 20:41:35.940,BUAA-WiFi,18:64:72:d3:03:90,-75,1.5,1.9
2023-06-28 20:41:35.943,xiao group,8a:25:93:86:e0:4c,-85,1.5,1.9
2023-06-28 20:41:35.945,BUAA-WiFi,18:64:72:d3:21:a0,-47,1.5,1.9
2023-06-28 20:41:35.946,HUAWEI-GYEL3E_5G,a8:5a:e0:db:b5:0c,-80,1.5,1.9
2023-06-28 20:41:35.947,BUAA-Mobile,18:64:72:d3:21:a1,-47,1.5,1.9
2023-06-28 20:41:35.948,BUAA-Mobile,18:64:72:d3:29:51,-75,1.5,1.9
2023-06-28 20:41:35.949,BUAA-WiFi,18:64:72:d3:29:50,-74,1.5,1.9
2023-06-28 20:41:36.920,Xiaomi_CEB5_5G,f0:b4:29:da:ce:b7,-57,1.5,1.9
2023-06-28 20:41:36.926,Peppa Pig,48:a1:95:eb:c6:21,-73,1.5,1.9
2023-06-28 20:41:36.932,BUAA-Mobile,18:64:72:d3:21:b1,-50,1.5,1.9
2023-06-28 20:41:36.937,BUAA-WiFi,18:64:72:d3:21:b0,-50,1.5,1.9
2023-06-28 20:41:36.942,AP1_5G,f0:b4:29:db:56:86,-55,1.5,1.9
2023-06-28 20:41:36.945,Peppa Pig,48:a1:95:eb:c6:20,-67,1.5,1.9
2023-06-28 20:41:36.949,AP1,f0:b4:29:db:56:85,-33,1.5,1.9
2023-06-28 20:41:36.952,Xiaomi_CEB5,f0:b4:29:da:ce:b6,-45,1.5,1.9
2023-06-28 20:41:36.955,BUAA-Mobile,18:64:72:d3:03:91,-75,1.5,1.9
2023-06-28 20:41:36.958,BUAA-WiFi,18:64:72:d3:03:90,-75,1.5,1.9
2023-06-28 20:41:36.961,xiao group,8a:25:93:86:e0:4c,-85,1.5,1.9
2023-06-28 20:41:36.964,BUAA-WiFi,18:64:72:d3:21:a0,-47,1.5,1.9
2023-06-28 20:41:36.967,HUAWEI-GYEL3E_5G,a8:5a:e0:db:b5:0c,-80,1.5,1.9
2023-06-28 20:41:36.969,BUAA-Mobile,18:64:72:d3:21:a1,-47,1.5,1.9
2023-06-28 20:41:36.971,BUAA-Mobile,18:64:72:d3:29:51,-75,1.5,1.9
2023-06-28 20:41:36.974,BUAA-WiFi,18:64:72:d3:29:50,-74,1.5,1.9
2023-06-28 20:41:37.920,Xiaomi_CEB5_5G,f0:b4:29:da:ce:b7,-57,1.5,1.9
2023-06-28 20:41:37.924,Peppa Pig,48:a1:95:eb:c6:21,-73,1.5,1.9
2023-06-28 20:41:37.927,BUAA-Mobile,18:64:72:d3:21:b1,-50,1.5,1.9
2023-06-28 20:41:37.929,BUAA-WiFi,18:64:72:d3:21:b0,-50,1.5,1.9
2023-06-28 20:41:37.932,AP1_5G,f0:b4:29:db:56:86,-55,1.5,1.9
2023-06-28 20:41:37.935,Peppa Pig,48:a1:95:eb:c6:20,-67,1.5,1.9
2023-06-28 20:41:37.938,AP1,f0:b4:29:db:56:85,-33,1.5,1.9
2023-06-28 20:41:37.940,Xiaomi_CEB5,f0:b4:29:da:ce:b6,-45,1.5,1.9
2023-06-28 20:41:37.943,BUAA-Mobile,18:64:72:d3:03:91,-75,1.5,1.9
2023-06-28 20:41:37.945,BUAA-WiFi,18:64:72:d3:03:90,-75,1.5,1.9
2023-06-28 20:41:37.946,xiao group,8a:25:93:86:e0:4c,-85,1.5,1.9
2023-06-28 20:41:37.948,BUAA-WiFi,18:64:72:d3:21:a0,-47,1.5,1.9
2023-06-28 20:41:37.950,HUAWEI-GYEL3E_5G,a8:5a:e0:db:b5:0c,-80,1.5,1.9
2023-06-28 20:41:37.952,BUAA-Mobile,18:64:72:d3:21:a1,-47,1.5,1.9
2023-06-28 20:41:37.954,BUAA-Mobile,18:64:72:d3:29:51,-75,1.5,1.9
2023-06-28 20:41:37.955,BUAA-WiFi,18:64:72:d3:29:50,-74,1.5,1.9
2023-06-28 20:41:38.922,Xiaomi_CEB5_5G,f0:b4:29:da:ce:b7,-57,1.5,1.9
2023-06-28 20:41:38.928,Peppa Pig,48:a1:95:eb:c6:21,-73,1.5,1.9
2023-06-28 20:41:38.933,BUAA-Mobile,18:64:72:d3:21:b1,-50,1.5,1.9
2023-06-28 20:41:38.939,BUAA-WiFi,18:64:72:d3:21:b0,-50,1.5,1.9
2023-06-28 20:41:38.944,AP1_5G,f0:b4:29:db:56:86,-55,1.5,1.9
2023-06-28 20:41:38.946,Peppa Pig,48:a1:95:eb:c6:20,-67,1.5,1.9
2023-06-28 20:41:38.949,AP1,f0:b4:29:db:56:85,-33,1.5,1.9
2023-06-28 20:41:38.952,Xiaomi_CEB5,f0:b4:29:da:ce:b6,-45,1.5,1.9
2023-06-28 20:41:38.955,BUAA-Mobile,18:64:72:d3:03:91,-75,1.5,1.9
2023-06-28 20:41:38.957,BUAA-WiFi,18:64:72:d3:03:90,-75,1.5,1.9
2023-06-28 20:41:38.960,xiao group,8a:25:93:86:e0:4c,-85,1.5,1.9
2023-06-28 20:41:38.962,BUAA-WiFi,18:64:72:d3:21:a0,-47,1.5,1.9
2023-06-28 20:41:38.965,HUAWEI-GYEL3E_5G,a8:5a:e0:db:b5:0c,-80,1.5,1.9
2023-06-28 20:41:38.968,BUAA-Mobile,18:64:72:d3:21:a1,-47,1.5,1.9
2023-06-28 20:41:38.970,BUAA-Mobile,18:64:72:d3:29:51,-75,1.5,1.9
2023-06-28 20:41:38.972,BUAA-WiFi,18:64:72:d3:29:50,-74,1.5,1.9
2023-06-28 20:41:39.923,Xiaomi_CEB5_5G,f0:b4:29:da:ce:b7,-57,1.5,1.9
2023-06-28 20:41:39.930,Peppa Pig,48:a1:95:eb:c6:21,-73,1.5,1.9
2023-06-28 20:41:39.934,BUAA-Mobile,18:64:72:d3:21:b1,-50,1.5,1.9
2023-06-28 20:41:39.939,BUAA-WiFi,18:64:72:d3:21:b0,-50,1.5,1.9
2023-06-28 20:41:39.944,AP1_5G,f0:b4:29:db:56:86,-55,1.5,1.9
2023-06-28 20:41:39.947,Peppa Pig,48:a1:95:eb:c6:20,-67,1.5,1.9
2023-06-28 20:41:39.951,AP1,f0:b4:29:db:56:85,-33,1.5,1.9
2023-06-28 20:41:39.954,Xiaomi_CEB5,f0:b4:29:da:ce:b6,-45,1.5,1.9
2023-06-28 20:41:39.957,BUAA-Mobile,18:64:72:d3:03:91,-75,1.5,1.9
2023-06-28 20:41:39.961,BUAA-WiFi,18:64:72:d3:03:90,-75,1.5,1.9
2023-06-28 20:41:39.964,xiao group,8a:25:93:86:e0:4c,-85,1.5,1.9
2023-06-28 20:41:39.967,BUAA-WiFi,18:64:72:d3:21:a0,-47,1.5,1.9
2023-06-28 20:41:39.969,HUAWEI-GYEL3E_5G,a8:5a:e0:db:b5:0c,-80,1.5,1.9
2023-06-28 20:41:39.973,BUAA-Mobile,18:64:72:d3:21:a1,-47,1.5,1.9
2023-06-28 20:41:39.975,BUAA-Mobile,18:64:72:d3:29:51,-75,1.5,1.9
2023-06-28 20:41:39.978,BUAA-WiFi,18:64:72:d3:29:50,-74,1.5,1.9
2023-06-28 20:41:40.923,Xiaomi_CEB5_5G,f0:b4:29:da:ce:b7,-57,1.5,1.9
2023-06-28 20:41:40.927,Peppa Pig,48:a1:95:eb:c6:21,-73,1.5,1.9
2023-06-28 20:41:40.929,BUAA-Mobile,18:64:72:d3:21:b1,-50,1.5,1.9
2023-06-28 20:41:40.932,BUAA-WiFi,18:64:72:d3:21:b0,-50,1.5,1.9
2023-06-28 20:41:40.934,AP1_5G,f0:b4:29:db:56:86,-55,1.5,1.9
2023-06-28 20:41:40.936,Peppa Pig,48:a1:95:eb:c6:20,-67,1.5,1.9
2023-06-28 20:41:40.938,AP1,f0:b4:29:db:56:85,-33,1.5,1.9
2023-06-28 20:41:40.940,Xiaomi_CEB5,f0:b4:29:da:ce:b6,-45,1.5,1.9
2023-06-28 20:41:40.942,BUAA-Mobile,18:64:72:d3:03:91,-75,1.5,1.9
2023-06-28 20:41:40.944,BUAA-WiFi,18:64:72:d3:03:90,-75,1.5,1.9
2023-06-28 20:41:40.945,xiao group,8a:25:93:86:e0:4c,-85,1.5,1.9
2023-06-28 20:41:40.947,BUAA-WiFi,18:64:72:d3:21:a0,-47,1.5,1.9
2023-06-28 20:41:40.949,HUAWEI-GYEL3E_5G,a8:5a:e0:db:b5:0c,-80,1.5,1.9
2023-06-28 20:41:40.951,BUAA-Mobile,18:64:72:d3:21:a1,-47,1.5,1.9
2023-06-28 20:41:40.953,BUAA-Mobile,18:64:72:d3:29:51,-75,1.5,1.9
2023-06-28 20:41:40.956,BUAA-WiFi,18:64:72:d3:29:50,-74,1.5,1.9
2023-06-28 20:41:41.923,Xiaomi_CEB5_5G,f0:b4:29:da:ce:b7,-57,1.5,1.9
2023-06-28 20:41:41.926,Peppa Pig,48:a1:95:eb:c6:21,-73,1.5,1.9
2023-06-28 20:41:41.929,BUAA-Mobile,18:64:72:d3:21:b1,-50,1.5,1.9
2023-06-28 20:41:41.931,BUAA-WiFi,18:64:72:d3:21:b0,-50,1.5,1.9
2023-06-28 20:41:41.936,AP1_5G,f0:b4:29:db:56:86,-55,1.5,1.9
2023-06-28 20:41:41.939,Peppa Pig,48:a1:95:eb:c6:20,-67,1.5,1.9
2023-06-28 20:41:41.940,AP1,f0:b4:29:db:56:85,-33,1.5,1.9
2023-06-28 20:41:41.942,Xiaomi_CEB5,f0:b4:29:da:ce:b6,-45,1.5,1.9
2023-06-28 20:41:41.943,BUAA-Mobile,18:64:72:d3:03:91,-75,1.5,1.9
2023-06-28 20:41:41.944,BUAA-WiFi,18:64:72:d3:03:90,-75,1.5,1.9
2023-06-28 20:41:41.946,xiao group,8a:25:93:86:e0:4c,-85,1.5,1.9
2023-06-28 20:41:41.948,BUAA-WiFi,18:64:72:d3:21:a0,-47,1.5,1.9
2023-06-28 20:41:41.949,HUAWEI-GYEL3E_5G,a8:5a:e0:db:b5:0c,-80,1.5,1.9
2023-06-28 20:41:41.951,BUAA-Mobile,18:64:72:d3:21:a1,-47,1.5,1.9
2023-06-28 20:41:41.952,BUAA-Mobile,18:64:72:d3:29:51,-75,1.5,1.9
2023-06-28 20:41:41.953,BUAA-WiFi,18:64:72:d3:29:50,-74,1.5,1.9
2023-06-28 20:41:42.925,Xiaomi_CEB5_5G,f0:b4:29:da:ce:b7,-57,1.5,1.9
2023-06-28 20:41:42.938,Peppa Pig,48:a1:95:eb:c6:21,-73,1.5,1.9
2023-06-28 20:41:42.941,BUAA-Mobile,18:64:72:d3:21:b1,-50,1.5,1.9
2023-06-28 20:41:42.943,BUAA-WiFi,18:64:72:d3:21:b0,-50,1.5,1.9
2023-06-28 20:41:42.945,AP1_5G,f0:b4:29:db:56:86,-55,1.5,1.9
2023-06-28 20:41:42.948,Peppa Pig,48:a1:95:eb:c6:20,-67,1.5,1.9
2023-06-28 20:41:42.950,AP1,f0:b4:29:db:56:85,-33,1.5,1.9
2023-06-28 20:41:42.952,Xiaomi_CEB5,f0:b4:29:da:ce:b6,-45,1.5,1.9
2023-06-28 20:41:42.955,BUAA-Mobile,18:64:72:d3:03:91,-75,1.5,1.9
2023-06-28 20:41:42.957,BUAA-WiFi,18:64:72:d3:03:90,-75,1.5,1.9
2023-06-28 20:41:42.959,xiao group,8a:25:93:86:e0:4c,-85,1.5,1.9
2023-06-28 20:41:42.961,BUAA-WiFi,18:64:72:d3:21:a0,-47,1.5,1.9
2023-06-28 20:41:42.963,HUAWEI-GYEL3E_5G,a8:5a:e0:db:b5:0c,-80,1.5,1.9
2023-06-28 20:41:42.964,BUAA-Mobile,18:64:72:d3:21:a1,-47,1.5,1.9
2023-06-28 20:41:42.966,BUAA-Mobile,18:64:72:d3:29:51,-75,1.5,1.9
2023-06-28 20:41:42.967,BUAA-WiFi,18:64:72:d3:29:50,-74,1.5,1.9
2023-06-28 20:41:43.924,Xiaomi_CEB5_5G,f0:b4:29:da:ce:b7,-57,1.5,1.9
2023-06-28 20:41:43.929,Peppa Pig,48:a1:95:eb:c6:21,-73,1.5,1.9
2023-06-28 20:41:43.932,BUAA-Mobile,18:64:72:d3:21:b1,-50,1.5,1.9
2023-06-28 20:41:43.935,BUAA-WiFi,18:64:72:d3:21:b0,-50,1.5,1.9
2023-06-28 20:41:43.937,AP1_5G,f0:b4:29:db:56:86,-55,1.5,1.9
2023-06-28 20:41:43.939,Peppa Pig,48:a1:95:eb:c6:20,-67,1.5,1.9
2023-06-28 20:41:43.941,AP1,f0:b4:29:db:56:85,-33,1.5,1.9
2023-06-28 20:41:43.943,Xiaomi_CEB5,f0:b4:29:da:ce:b6,-45,1.5,1.9
2023-06-28 20:41:43.946,BUAA-Mobile,18:64:72:d3:03:91,-75,1.5,1.9
2023-06-28 20:41:43.949,BUAA-WiFi,18:64:72:d3:03:90,-75,1.5,1.9
2023-06-28 20:41:43.951,xiao group,8a:25:93:86:e0:4c,-85,1.5,1.9
2023-06-28 20:41:43.953,BUAA-WiFi,18:64:72:d3:21:a0,-47,1.5,1.9
2023-06-28 20:41:43.955,HUAWEI-GYEL3E_5G,a8:5a:e0:db:b5:0c,-80,1.5,1.9
2023-06-28 20:41:43.958,BUAA-Mobile,18:64:72:d3:21:a1,-47,1.5,1.9
2023-06-28 20:41:43.960,BUAA-Mobile,18:64:72:d3:29:51,-75,1.5,1.9
2023-06-28 20:41:43.964,BUAA-WiFi,18:64:72:d3:29:50,-74,1.5,1.9
2023-06-28 20:41:44.925,Xiaomi_CEB5_5G,f0:b4:29:da:ce:b7,-57,1.5,1.9
2023-06-28 20:41:44.931,Peppa Pig,48:a1:95:eb:c6:21,-73,1.5,1.9
2023-06-28 20:41:44.938,BUAA-Mobile,18:64:72:d3:21:b1,-50,1.5,1.9
2023-06-28 20:41:44.943,BUAA-WiFi,18:64:72:d3:21:b0,-50,1.5,1.9
2023-06-28 20:41:44.946,AP1_5G,f0:b4:29:db:56:86,-55,1.5,1.9
2023-06-28 20:41:44.949,Peppa Pig,48:a1:95:eb:c6:20,-67,1.5,1.9
2023-06-28 20:41:44.951,AP1,f0:b4:29:db:56:85,-33,1.5,1.9
2023-06-28 20:41:44.954,Xiaomi_CEB5,f0:b4:29:da:ce:b6,-45,1.5,1.9
2023-06-28 20:41:44.956,BUAA-Mobile,18:64:72:d3:03:91,-75,1.5,1.9
2023-06-28 20:41:44.959,BUAA-WiFi,18:64:72:d3:03:90,-75,1.5,1.9
2023-06-28 20:41:44.962,xiao group,8a:25:93:86:e0:4c,-85,1.5,1.9
2023-06-28 20:41:44.964,BUAA-WiFi,18:64:72:d3:21:a0,-47,1.5,1.9
2023-06-28 20:41:44.967,HUAWEI-GYEL3E_5G,a8:5a:e0:db:b5:0c,-80,1.5,1.9
2023-06-28 20:41:44.970,BUAA-Mobile,18:64:72:d3:21:a1,-47,1.5,1.9
2023-06-28 20:41:44.972,BUAA-Mobile,18:64:72:d3:29:51,-75,1.5,1.9
2023-06-28 20:41:44.975,BUAA-WiFi,18:64:72:d3:29:50,-74,1.5,1.9
2023-06-28 20:41:45.925,Xiaomi_CEB5_5G,f0:b4:29:da:ce:b7,-57,1.5,1.9
2023-06-28 20:41:45.931,Peppa Pig,48:a1:95:eb:c6:21,-73,1.5,1.9
2023-06-28 20:41:45.937,BUAA-Mobile,18:64:72:d3:21:b1,-50,1.5,1.9
2023-06-28 20:41:45.941,BUAA-WiFi,18:64:72:d3:21:b0,-50,1.5,1.9
2023-06-28 20:41:45.945,AP1_5G,f0:b4:29:db:56:86,-55,1.5,1.9
2023-06-28 20:41:45.949,Peppa Pig,48:a1:95:eb:c6:20,-67,1.5,1.9
2023-06-28 20:41:45.953,AP1,f0:b4:29:db:56:85,-33,1.5,1.9
2023-06-28 20:41:45.957,Xiaomi_CEB5,f0:b4:29:da:ce:b6,-45,1.5,1.9
2023-06-28 20:41:45.960,BUAA-Mobile,18:64:72:d3:03:91,-75,1.5,1.9
2023-06-28 20:41:45.963,BUAA-WiFi,18:64:72:d3:03:90,-75,1.5,1.9
2023-06-28 20:41:45.966,xiao group,8a:25:93:86:e0:4c,-85,1.5,1.9
2023-06-28 20:41:45.969,BUAA-WiFi,18:64:72:d3:21:a0,-47,1.5,1.9
2023-06-28 20:41:45.972,HUAWEI-GYEL3E_5G,a8:5a:e0:db:b5:0c,-80,1.5,1.9
2023-06-28 20:41:45.974,BUAA-Mobile,18:64:72:d3:21:a1,-47,1.5,1.9
2023-06-28 20:41:45.977,BUAA-Mobile,18:64:72:d3:29:51,-75,1.5,1.9
2023-06-28 20:41:45.979,BUAA-WiFi,18:64:72:d3:29:50,-74,1.5,1.9
2023-06-28 20:41:46.925,Xiaomi_CEB5_5G,f0:b4:29:da:ce:b7,-57,1.5,1.9
2023-06-28 20:41:46.930,Peppa Pig,48:a1:95:eb:c6:21,-73,1.5,1.9
2023-06-28 20:41:46.934,BUAA-Mobile,18:64:72:d3:21:b1,-50,1.5,1.9
2023-06-28 20:41:46.937,BUAA-WiFi,18:64:72:d3:21:b0,-50,1.5,1.9
2023-06-28 20:41:46.939,AP1_5G,f0:b4:29:db:56:86,-55,1.5,1.9
2023-06-28 20:41:46.940,Peppa Pig,48:a1:95:eb:c6:20,-67,1.5,1.9
2023-06-28 20:41:46.942,AP1,f0:b4:29:db:56:85,-33,1.5,1.9
2023-06-28 20:41:46.945,Xiaomi_CEB5,f0:b4:29:da:ce:b6,-45,1.5,1.9
2023-06-28 20:41:46.947,BUAA-Mobile,18:64:72:d3:03:91,-75,1.5,1.9
2023-06-28 20:41:46.949,BUAA-WiFi,18:64:72:d3:03:90,-75,1.5,1.9
2023-06-28 20:41:46.951,xiao group,8a:25:93:86:e0:4c,-85,1.5,1.9
2023-06-28 20:41:46.952,BUAA-WiFi,18:64:72:d3:21:a0,-47,1.5,1.9
2023-06-28 20:41:46.953,HUAWEI-GYEL3E_5G,a8:5a:e0:db:b5:0c,-80,1.5,1.9
2023-06-28 20:41:46.954,BUAA-Mobile,18:64:72:d3:21:a1,-47,1.5,1.9
2023-06-28 20:41:46.956,BUAA-Mobile,18:64:72:d3:29:51,-75,1.5,1.9
2023-06-28 20:41:46.958,BUAA-WiFi,18:64:72:d3:29:50,-74,1.5,1.9
2023-06-28 20:41:47.925,Xiaomi_CEB5_5G,f0:b4:29:da:ce:b7,-57,1.5,1.9
2023-06-28 20:41:47.931,Peppa Pig,48:a1:95:eb:c6:21,-73,1.5,1.9
2023-06-28 20:41:47.934,BUAA-Mobile,18:64:72:d3:21:b1,-50,1.5,1.9
2023-06-28 20:41:47.937,BUAA-WiFi,18:64:72:d3:21:b0,-50,1.5,1.9
2023-06-28 20:41:47.939,AP1_5G,f0:b4:29:db:56:86,-55,1.5,1.9
2023-06-28 20:41:47.942,Peppa Pig,48:a1:95:eb:c6:20,-67,1.5,1.9
2023-06-28 20:41:47.944,AP1,f0:b4:29:db:56:85,-33,1.5,1.9
2023-06-28 20:41:47.948,Xiaomi_CEB5,f0:b4:29:da:ce:b6,-45,1.5,1.9
2023-06-28 20:41:47.952,BUAA-Mobile,18:64:72:d3:03:91,-75,1.5,1.9
2023-06-28 20:41:47.954,BUAA-WiFi,18:64:72:d3:03:90,-75,1.5,1.9
2023-06-28 20:41:47.957,xiao group,8a:25:93:86:e0:4c,-85,1.5,1.9
2023-06-28 20:41:47.960,BUAA-WiFi,18:64:72:d3:21:a0,-47,1.5,1.9
2023-06-28 20:41:47.963,HUAWEI-GYEL3E_5G,a8:5a:e0:db:b5:0c,-80,1.5,1.9
2023-06-28 20:41:47.966,BUAA-Mobile,18:64:72:d3:21:a1,-47,1.5,1.9
2023-06-28 20:41:47.970,BUAA-Mobile,18:64:72:d3:29:51,-75,1.5,1.9
2023-06-28 20:41:47.974,BUAA-WiFi,18:64:72:d3:29:50,-74,1.5,1.9
2023-06-28 20:41:48.925,Xiaomi_CEB5_5G,f0:b4:29:da:ce:b7,-57,1.5,1.9
2023-06-28 20:41:48.930,Peppa Pig,48:a1:95:eb:c6:21,-73,1.5,1.9
2023-06-28 20:41:48.934,BUAA-Mobile,18:64:72:d3:21:b1,-50,1.5,1.9
2023-06-28 20:41:48.938,BUAA-WiFi,18:64:72:d3:21:b0,-50,1.5,1.9
2023-06-28 20:41:48.942,AP1_5G,f0:b4:29:db:56:86,-55,1.5,1.9
2023-06-28 20:41:48.945,Peppa Pig,48:a1:95:eb:c6:20,-67,1.5,1.9
2023-06-28 20:41:48.949,AP1,f0:b4:29:db:56:85,-33,1.5,1.9
2023-06-28 20:41:48.952,Xiaomi_CEB5,f0:b4:29:da:ce:b6,-45,1.5,1.9
2023-06-28 20:41:48.955,BUAA-Mobile,18:64:72:d3:03:91,-75,1.5,1.9
2023-06-28 20:41:48.958,BUAA-WiFi,18:64:72:d3:03:90,-75,1.5,1.9
2023-06-28 20:41:48.962,xiao group,8a:25:93:86:e0:4c,-85,1.5,1.9
2023-06-28 20:41:48.965,BUAA-WiFi,18:64:72:d3:21:a0,-47,1.5,1.9
2023-06-28 20:41:48.968,HUAWEI-GYEL3E_5G,a8:5a:e0:db:b5:0c,-80,1.5,1.9
2023-06-28 20:41:48.971,BUAA-Mobile,18:64:72:d3:21:a1,-47,1.5,1.9
2023-06-28 20:41:48.974,BUAA-Mobile,18:64:72:d3:29:51,-75,1.5,1.9
2023-06-28 20:41:48.977,BUAA-WiFi,18:64:72:d3:29:50,-74,1.5,1.9
2023-06-28 20:41:49.925,Xiaomi_CEB5_5G,f0:b4:29:da:ce:b7,-57,1.5,1.9
2023-06-28 20:41:49.933,Peppa Pig,48:a1:95:eb:c6:21,-73,1.5,1.9
2023-06-28 20:41:49.937,BUAA-Mobile,18:64:72:d3:21:b1,-50,1.5,1.9
2023-06-28 20:41:49.942,BUAA-WiFi,18:64:72:d3:21:b0,-50,1.5,1.9
2023-06-28 20:41:49.946,AP1_5G,f0:b4:29:db:56:86,-55,1.5,1.9
2023-06-28 20:41:49.950,Peppa Pig,48:a1:95:eb:c6:20,-67,1.5,1.9
2023-06-28 20:41:49.954,AP1,f0:b4:29:db:56:85,-33,1.5,1.9
2023-06-28 20:41:49.958,Xiaomi_CEB5,f0:b4:29:da:ce:b6,-45,1.5,1.9
2023-06-28 20:41:49.962,BUAA-Mobile,18:64:72:d3:03:91,-75,1.5,1.9
2023-06-28 20:41:49.965,BUAA-WiFi,18:64:72:d3:03:90,-75,1.5,1.9
2023-06-28 20:41:49.970,xiao group,8a:25:93:86:e0:4c,-85,1.5,1.9
2023-06-28 20:41:49.974,BUAA-WiFi,18:64:72:d3:21:a0,-47,1.5,1.9
2023-06-28 20:41:49.977,HUAWEI-GYEL3E_5G,a8:5a:e0:db:b5:0c,-80,1.5,1.9
2023-06-28 20:41:49.981,BUAA-Mobile,18:64:72:d3:21:a1,-47,1.5,1.9
2023-06-28 20:41:49.985,BUAA-Mobile,18:64:72:d3:29:51,-75,1.5,1.9
2023-06-28 20:41:49.989,BUAA-WiFi,18:64:72:d3:29:50,-74,1.5,1.9
2023-06-28 20:41:50.925,Xiaomi_CEB5_5G,f0:b4:29:da:ce:b7,-57,1.5,1.9
2023-06-28 20:41:50.929,Peppa Pig,48:a1:95:eb:c6:21,-73,1.5,1.9
2023-06-28 20:41:50.933,BUAA-Mobile,18:64:72:d3:21:b1,-50,1.5,1.9
2023-06-28 20:41:50.937,BUAA-WiFi,18:64:72:d3:21:b0,-50,1.5,1.9
2023-06-28 20:41:50.940,AP1_5G,f0:b4:29:db:56:86,-55,1.5,1.9
2023-06-28 20:41:50.942,Peppa Pig,48:a1:95:eb:c6:20,-67,1.5,1.9
2023-06-28 20:41:50.945,AP1,f0:b4:29:db:56:85,-33,1.5,1.9
2023-06-28 20:41:50.947,Xiaomi_CEB5,f0:b4:29:da:ce:b6,-45,1.5,1.9
2023-06-28 20:41:50.949,BUAA-Mobile,18:64:72:d3:03:91,-75,1.5,1.9
2023-06-28 20:41:50.952,BUAA-WiFi,18:64:72:d3:03:90,-75,1.5,1.9
2023-06-28 20:41:50.955,xiao group,8a:25:93:86:e0:4c,-85,1.5,1.9
2023-06-28 20:41:50.957,BUAA-WiFi,18:64:72:d3:21:a0,-47,1.5,1.9
2023-06-28 20:41:50.960,HUAWEI-GYEL3E_5G,a8:5a:e0:db:b5:0c,-80,1.5,1.9
2023-06-28 20:41:50.962,BUAA-Mobile,18:64:72:d3:21:a1,-47,1.5,1.9
2023-06-28 20:41:50.964,BUAA-Mobile,18:64:72:d3:29:51,-75,1.5,1.9
2023-06-28 20:41:50.966,BUAA-WiFi,18:64:72:d3:29:50,-74,1.5,1.9
2023-06-28 20:41:51.925,Xiaomi_CEB5_5G,f0:b4:29:da:ce:b7,-57,1.5,1.9
2023-06-28 20:41:51.931,Peppa Pig,48:a1:95:eb:c6:21,-73,1.5,1.9
2023-06-28 20:41:51.936,BUAA-Mobile,18:64:72:d3:21:b1,-50,1.5,1.9
2023-06-28 20:41:51.940,BUAA-WiFi,18:64:72:d3:21:b0,-50,1.5,1.9
2023-06-28 20:41:51.944,AP1_5G,f0:b4:29:db:56:86,-55,1.5,1.9
2023-06-28 20:41:51.948,Peppa Pig,48:a1:95:eb:c6:20,-67,1.5,1.9
2023-06-28 20:41:51.952,AP1,f0:b4:29:db:56:85,-33,1.5,1.9
2023-06-28 20:41:51.956,Xiaomi_CEB5,f0:b4:29:da:ce:b6,-45,1.5,1.9
2023-06-28 20:41:51.960,BUAA-Mobile,18:64:72:d3:03:91,-75,1.5,1.9
2023-06-28 20:41:51.963,BUAA-WiFi,18:64:72:d3:03:90,-75,1.5,1.9
2023-06-28 20:41:51.966,xiao group,8a:25:93:86:e0:4c,-85,1.5,1.9
2023-06-28 20:41:51.969,BUAA-WiFi,18:64:72:d3:21:a0,-47,1.5,1.9
2023-06-28 20:41:51.973,HUAWEI-GYEL3E_5G,a8:5a:e0:db:b5:0c,-80,1.5,1.9
2023-06-28 20:41:51.976,BUAA-Mobile,18:64:72:d3:21:a1,-47,1.5,1.9
2023-06-28 20:41:51.980,BUAA-Mobile,18:64:72:d3:29:51,-75,1.5,1.9
2023-06-28 20:41:51.982,BUAA-WiFi,18:64:72:d3:29:50,-74,1.5,1.9
2023-06-28 20:41:52.925,Xiaomi_CEB5_5G,f0:b4:29:da:ce:b7,-57,1.5,1.9
2023-06-28 20:41:52.931,Peppa Pig,48:a1:95:eb:c6:21,-73,1.5,1.9
2023-06-28 20:41:52.935,BUAA-Mobile,18:64:72:d3:21:b1,-50,1.5,1.9
2023-06-28 20:41:52.940,BUAA-WiFi,18:64:72:d3:21:b0,-50,1.5,1.9
2023-06-28 20:41:52.944,AP1_5G,f0:b4:29:db:56:86,-55,1.5,1.9
2023-06-28 20:41:52.949,Peppa Pig,48:a1:95:eb:c6:20,-67,1.5,1.9
2023-06-28 20:41:52.954,AP1,f0:b4:29:db:56:85,-33,1.5,1.9
2023-06-28 20:41:52.958,Xiaomi_CEB5,f0:b4:29:da:ce:b6,-45,1.5,1.9
2023-06-28 20:41:52.962,BUAA-Mobile,18:64:72:d3:03:91,-75,1.5,1.9
2023-06-28 20:41:52.966,BUAA-WiFi,18:64:72:d3:03:90,-75,1.5,1.9
2023-06-28 20:41:52.969,xiao group,8a:25:93:86:e0:4c,-85,1.5,1.9
2023-06-28 20:41:52.973,BUAA-WiFi,18:64:72:d3:21:a0,-47,1.5,1.9
2023-06-28 20:41:52.977,HUAWEI-GYEL3E_5G,a8:5a:e0:db:b5:0c,-80,1.5,1.9
2023-06-28 20:41:52.981,BUAA-Mobile,18:64:72:d3:21:a1,-47,1.5,1.9
2023-06-28 20:41:52.984,BUAA-Mobile,18:64:72:d3:29:51,-75,1.5,1.9
2023-06-28 20:41:52.988,BUAA-WiFi,18:64:72:d3:29:50,-74,1.5,1.9
2023-06-28 20:41:53.926,Xiaomi_CEB5_5G,f0:b4:29:da:ce:b7,-57,1.5,1.9
2023-06-28 20:41:53.930,Peppa Pig,48:a1:95:eb:c6:21,-73,1.5,1.9
2023-06-28 20:41:53.934,BUAA-Mobile,18:64:72:d3:21:b1,-50,1.5,1.9
2023-06-28 20:41:53.937,BUAA-WiFi,18:64:72:d3:21:b0,-50,1.5,1.9
2023-06-28 20:41:53.940,AP1_5G,f0:b4:29:db:56:86,-55,1.5,1.9
2023-06-28 20:41:53.943,Peppa Pig,48:a1:95:eb:c6:20,-67,1.5,1.9
2023-06-28 20:41:53.947,AP1,f0:b4:29:db:56:85,-33,1.5,1.9
2023-06-28 20:41:53.950,Xiaomi_CEB5,f0:b4:29:da:ce:b6,-45,1.5,1.9
2023-06-28 20:41:53.953,BUAA-Mobile,18:64:72:d3:03:91,-75,1.5,1.9
2023-06-28 20:41:53.957,BUAA-WiFi,18:64:72:d3:03:90,-75,1.5,1.9
2023-06-28 20:41:53.960,xiao group,8a:25:93:86:e0:4c,-85,1.5,1.9
2023-06-28 20:41:53.963,BUAA-WiFi,18:64:72:d3:21:a0,-47,1.5,1.9
2023-06-28 20:41:53.966,HUAWEI-GYEL3E_5G,a8:5a:e0:db:b5:0c,-80,1.5,1.9
2023-06-28 20:41:53.969,BUAA-Mobile,18:64:72:d3:21:a1,-47,1.5,1.9
2023-06-28 20:41:53.972,BUAA-Mobile,18:64:72:d3:29:51,-75,1.5,1.9
2023-06-28 20:41:53.975,BUAA-WiFi,18:64:72:d3:29:50,-74,1.5,1.9
2023-06-28 20:41:54.925,Xiaomi_CEB5_5G,f0:b4:29:da:ce:b7,-57,1.5,1.9
2023-06-28 20:41:54.929,Peppa Pig,48:a1:95:eb:c6:21,-73,1.5,1.9
2023-06-28 20:41:54.931,BUAA-Mobile,18:64:72:d3:21:b1,-50,1.5,1.9
2023-06-28 20:41:54.934,BUAA-WiFi,18:64:72:d3:21:b0,-50,1.5,1.9
2023-06-28 20:41:54.936,AP1_5G,f0:b4:29:db:56:86,-55,1.5,1.9
2023-06-28 20:41:54.939,Peppa Pig,48:a1:95:eb:c6:20,-67,1.5,1.9
2023-06-28 20:41:54.941,AP1,f0:b4:29:db:56:85,-33,1.5,1.9
2023-06-28 20:41:54.944,Xiaomi_CEB5,f0:b4:29:da:ce:b6,-45,1.5,1.9
2023-06-28 20:41:54.946,BUAA-Mobile,18:64:72:d3:03:91,-75,1.5,1.9
2023-06-28 20:41:54.948,BUAA-WiFi,18:64:72:d3:03:90,-75,1.5,1.9
2023-06-28 20:41:54.950,xiao group,8a:25:93:86:e0:4c,-85,1.5,1.9
2023-06-28 20:41:54.953,BUAA-WiFi,18:64:72:d3:21:a0,-47,1.5,1.9
2023-06-28 20:41:54.955,HUAWEI-GYEL3E_5G,a8:5a:e0:db:b5:0c,-80,1.5,1.9
2023-06-28 20:41:54.957,BUAA-Mobile,18:64:72:d3:21:a1,-47,1.5,1.9
2023-06-28 20:41:54.959,BUAA-Mobile,18:64:72:d3:29:51,-75,1.5,1.9
2023-06-28 20:41:54.961,BUAA-WiFi,18:64:72:d3:29:50,-74,1.5,1.9
2023-06-28 20:41:55.926,Xiaomi_CEB5_5G,f0:b4:29:da:ce:b7,-57,1.5,1.9
2023-06-28 20:41:55.930,Peppa Pig,48:a1:95:eb:c6:21,-73,1.5,1.9
2023-06-28 20:41:55.933,BUAA-Mobile,18:64:72:d3:21:b1,-50,1.5,1.9
2023-06-28 20:41:55.936,BUAA-WiFi,18:64:72:d3:21:b0,-50,1.5,1.9
2023-06-28 20:41:55.939,AP1_5G,f0:b4:29:db:56:86,-55,1.5,1.9
2023-06-28 20:41:55.942,Peppa Pig,48:a1:95:eb:c6:20,-67,1.5,1.9
2023-06-28 20:41:55.944,AP1,f0:b4:29:db:56:85,-33,1.5,1.9
2023-06-28 20:41:55.947,Xiaomi_CEB5,f0:b4:29:da:ce:b6,-45,1.5,1.9
2023-06-28 20:41:55.950,BUAA-Mobile,18:64:72:d3:03:91,-75,1.5,1.9
2023-06-28 20:41:55.952,BUAA-WiFi,18:64:72:d3:03:90,-75,1.5,1.9
2023-06-28 20:41:55.955,xiao group,8a:25:93:86:e0:4c,-85,1.5,1.9
2023-06-28 20:41:55.958,BUAA-WiFi,18:64:72:d3:21:a0,-47,1.5,1.9
2023-06-28 20:41:55.960,HUAWEI-GYEL3E_5G,a8:5a:e0:db:b5:0c,-80,1.5,1.9
2023-06-28 20:41:55.963,BUAA-Mobile,18:64:72:d3:21:a1,-47,1.5,1.9
2023-06-28 20:41:55.966,BUAA-Mobile,18:64:72:d3:29:51,-75,1.5,1.9
2023-06-28 20:41:55.969,BUAA-WiFi,18:64:72:d3:29:50,-74,1.5,1.9
2023-06-28 20:41:56.927,Xiaomi_CEB5_5G,f0:b4:29:da:ce:b7,-57,1.5,1.9
2023-06-28 20:41:56.931,Peppa Pig,48:a1:95:eb:c6:21,-73,1.5,1.9
2023-06-28 20:41:56.934,BUAA-Mobile,18:64:72:d3:21:b1,-50,1.5,1.9
2023-06-28 20:41:56.937,BUAA-WiFi,18:64:72:d3:21:b0,-50,1.5,1.9
2023-06-28 20:41:56.940,AP1_5G,f0:b4:29:db:56:86,-55,1.5,1.9
2023-06-28 20:41:56.943,Peppa Pig,48:a1:95:eb:c6:20,-67,1.5,1.9
2023-06-28 20:41:56.945,AP1,f0:b4:29:db:56:85,-33,1.5,1.9
2023-06-28 20:41:56.948,Xiaomi_CEB5,f0:b4:29:da:ce:b6,-45,1.5,1.9
2023-06-28 20:41:56.951,BUAA-Mobile,18:64:72:d3:03:91,-75,1.5,1.9
2023-06-28 20:41:56.953,BUAA-WiFi,18:64:72:d3:03:90,-75,1.5,1.9
2023-06-28 20:41:56.955,xiao group,8a:25:93:86:e0:4c,-85,1.5,1.9
2023-06-28 20:41:56.958,BUAA-WiFi,18:64:72:d3:21:a0,-47,1.5,1.9
2023-06-28 20:41:56.960,HUAWEI-GYEL3E_5G,a8:5a:e0:db:b5:0c,-80,1.5,1.9
2023-06-28 20:41:56.962,BUAA-Mobile,18:64:72:d3:21:a1,-47,1.5,1.9
2023-06-28 20:41:56.964,BUAA-Mobile,18:64:72:d3:29:51,-75,1.5,1.9
2023-06-28 20:41:56.966,BUAA-WiFi,18:64:72:d3:29:50,-74,1.5,1.9
2023-06-28 20:41:57.927,Xiaomi_CEB5_5G,f0:b4:29:da:ce:b7,-57,1.5,1.9
2023-06-28 20:41:57.933,Peppa Pig,48:a1:95:eb:c6:21,-73,1.5,1.9
2023-06-28 20:41:57.937,BUAA-Mobile,18:64:72:d3:21:b1,-50,1.5,1.9
2023-06-28 20:41:57.941,BUAA-WiFi,18:64:72:d3:21:b0,-50,1.5,1.9
2023-06-28 20:41:57.944,AP1_5G,f0:b4:29:db:56:86,-55,1.5,1.9
2023-06-28 20:41:57.948,Peppa Pig,48:a1:95:eb:c6:20,-67,1.5,1.9
2023-06-28 20:41:57.952,AP1,f0:b4:29:db:56:85,-33,1.5,1.9
2023-06-28 20:41:57.955,Xiaomi_CEB5,f0:b4:29:da:ce:b6,-45,1.5,1.9
2023-06-28 20:41:57.958,BUAA-Mobile,18:64:72:d3:03:91,-75,1.5,1.9
2023-06-28 20:41:57.960,BUAA-WiFi,18:64:72:d3:03:90,-75,1.5,1.9
2023-06-28 20:41:57.963,xiao group,8a:25:93:86:e0:4c,-85,1.5,1.9
2023-06-28 20:41:57.965,BUAA-WiFi,18:64:72:d3:21:a0,-47,1.5,1.9
2023-06-28 20:41:57.968,HUAWEI-GYEL3E_5G,a8:5a:e0:db:b5:0c,-80,1.5,1.9
2023-06-28 20:41:57.970,BUAA-Mobile,18:64:72:d3:21:a1,-47,1.5,1.9
2023-06-28 20:41:57.973,BUAA-Mobile,18:64:72:d3:29:51,-75,1.5,1.9
2023-06-28 20:41:57.975,BUAA-WiFi,18:64:72:d3:29:50,-74,1.5,1.9
,1.5,1.9
